"id","idPagina","nome","descricao","nomeArquivo","ordem","created_at","updated_at","remoto"
"17","142","Lista de Espera do CMEI Rotary 09/2017","Rotary","ROTARY-092017.pdf","1","11/8/2017 19:20:05","11/8/2017 19:20:05","0"
"18","142","Lista de Espera do CMEI Recanto Feliz 09/2017","Recanto Feliz","RECANTO-FELIZ-092017.pdf","2","14/8/2017 13:06:15","14/8/2017 13:06:15","0"
"19","142","Lista de Espera do CMEI Candeias 09/2017","Candeias","NOSSA-SRA-DAS-CANDEIAS-092017.pdf","3","14/8/2017 13:17:26","14/8/2017 13:17:26","0"
"20","142","Lista de Espera do CMEI Mundo Encantado 09/2017","Mundo Encantado","MUNDO-ENCANTADO-092017.pdf","4","14/8/2017 13:22:14","14/8/2017 13:22:14","0"
"21","142","Lista de Espera do CMEI Bonifácio Cionek 09/2017","Bonifácio Cionek","BONIFACIO-CIONEK-092017.pdf","5","14/8/2017 13:24:10","14/8/2017 13:24:10","0"
"22","142","Lista de Espera do CMEI Santa Barbara 09/2017","Santa Barbara","SANTA-BARBARA-092017.pdf","6","23/8/2017 18:11:37","23/8/2017 18:11:37","0"
"23","142","Lista de Espera do CMEI Maria Aparecida Belizário 09/2017","Maria Aparecida Belizário","MARIA-APARECIDA-BELIZARIO-092017.pdf","7","24/8/2017 16:44:40","24/8/2017 16:44:40","0"
"37","156","ITR","","INFRONTEIRA2017.pdf","9999",,,"0"
"38","156",,,"Oficio-de-Valor-Terra-Nua-HA.pdf","9999",,,"0"
"46","158",,,"LEI-CONSELHO-TUTELAR-N-1020-2001.pdf","9999",,,"0"
"47","158",,,"LEI-CONSELHO-TUTELAR-N-1037-2001.pdf","9999",,,"0"
"48","158",,,"LEI-CONSELHO-TUTELAR-N-1021-2001.pdf","9999",,,"0"
"57","158",,,"LEI-CONSELHO-TUTELAR-N-1591-2013.pdf","9999",,,"0"
"58","158",,,"LEI-CONSELHO-TUTELAR-N-1593-2013.pdf","9999",,,"0"
"59","158",,,"LEI-MUNICIPAL-No-1848-2018-REORGANIZACAO-DO-CONSELHO-TUTELAR.pdf","9999",,,"0"
"101","172","Decreto nº 5907 28/01/2021","Medidas COVID-19","DECRETO-No-5907-NOVAS-MEDIDAS-COVID_(264).pdf","9999",,,"0"
"115","199","AUXILIAR DE CONSERVAÇÃO","","triunfo.png","9999",,,"0"
"116","199","CONSERVADOR","","triunfoGD.png","9999",,,"0"
"117","199","OPERADOR DE TRATOR","","triunfoGD_(191).png","9999",,,"0"
"118","172","Decreto nº 5.926 05/02/2021","DISPÕE MEDIDAS EMERGENCIAL E DE PREVENÇÃO NO CONTEXTO DA PANDEMIA DO COVID-19, NO MUNICIPIO DE FRONTEIRA E DA OUTRAS PROVIDËNCIAS","Decreto-Municipal-Covid-05-Fevereiro-2021.pdf","9998",,,"0"
"122","172","Decreto nº 5.934 11/02/2021","Dispõe sobre a adoção de medidas de caráter emergencial e de prevenção no contexto da pandemia do COVID-19, no município de Fronteira e outras das outras providências","decreto-5934.pdf","9997",,,"0"
"123","172","Decreto nº 5966 12/03/2021","Dispõe sobre a entrega de mercadorias em domicilio (""DELIVERY"") ...","DECRETO-No-5966-.pdf","9996",,,"0"
"131","181","Despesas de janeiro/2021","01-2021","012021.pdf","9999",,,"0"
"139","210","Leia sobre o Plano Purianual","","PLANOPURIANUAL.pdf","9999",,,"0"
"140","212","Plano Municipal de Turismo de Fronteira 2021","","PLANO-MUNICIPAL-DE-TURISMO-DE-FRONTEIRA-2021.pdf","9999",,,"0"
"141","214","04-2021 - Edital de Notificação Regularização Fundiária","Edital de Notificação Regularização Fundiária","EDITAL-04-2021.pdf","9999",,,"0"
"142","214","01-2021 - Edital de Notificação Regularização Fundiária","","EDITAL-01-2021.pdf","9999",,,"0"
"143","216","VTN 2022","VTN 2022","TABELA-DE-VALORES-VTN.pdf","9999",,,"0"
"146","227","DUODÉCIMO JAN-2022","DUODÉCIMO JAN-2022","01-DUODECIMO-PERIODO-DE-01012022-A-31012022.pdf","999",,,"0"
"147","227","DUODÉCIMO FEV-2022","DUODÉCIMO FEV-2022","02-DUODECIMO-PERIODO-DE-01022022-A-28022022.pdf","998",,,"0"
"148","227","DUODÉCIMO MAR-2022","DUODÉCIMO MAR-2022","03-DUODECIMO-PERIODO-DE-01032022-A-31032022.pdf","997",,,"0"
"149","227","DUODÉCIMO ABR-2022","DUODÉCIMO ABR-2022","04-DUODECIMO-PERIODO-DE-01042022-A-30042022.pdf","996",,,"0"
"150","227","DUODÉCIMO MAI-2022","DUODÉCIMO MAI-2022","05-DUODECIMO-PERIODO-DE-01052022-A-31052022.pdf","995",,,"0"
"151","227","DUODÉCIMO JUN-2022","DUODÉCIMO JUN-2022","06-DUODECIMO-PERIODO-DE-01062022-A-30062022.pdf","994",,,"0"
"153","227","DUODÉCIMO AGO-2022","DUODÉCIMO AGO-2022","08-DUODECIMO-PERIODO-DE-01082022-A-31082022.pdf","992",,,"0"
"154","227","DUODÉCIMO JUL-2022","DUODÉCIMO JUL-2022","07-DUODECIMO-PERIODO-DE-01072022-A-31072022.pdf","993",,,"0"
"155","227","DUODÉCIMO SET-2022","DUODÉCIMO SET-2022","09-DUODECIMO-PERIODO-DE-01092022-A-30092022.pdf","991",,,"0"
"156","227","DUODÉCIMO OUT-2022","DUODÉCIMO OUT-2022","10-DUODECIMO-PERIODO-DE-01102022-A-31102022.pdf","990",,,"0"
"157","227","DUODÉCIMO NOV-2022","DUODÉCIMO NOV-2022","11-DUODECIMO-PERIODO-DE-01112022-A-30112022.pdf","899",,,"0"
"166","242","Balancete da Despesa Jan/2022","Balancete da Despesa Jan/2022","01-BALANCETE-DA-DESPESA-DO-MES-DE-JANEIRO-DE-2022-ORGAO-02.pdf","9999",,,"0"
"167","242","Balancete da Despesa Fev/2022","Balancete da Despesa Fev/2022","02-BALANCETE-DA-DESPESA-DO-MES-DE-FEVEREIRO-DE-2022-ORGAO-02.pdf","9998",,,"0"
"168","242","Balancete da Despesa Mar/2022","Balancete da Despesa Mar/2022","03-BALANCETE-DA-DESPESA-DO-MES-DE-MARcO-DE-2022-ORGAO-02.pdf","9997",,,"0"
"169","242","Balancete da Despesa Abr/2022","Balancete da Despesa Abr/2022","04-BALANCETE-DA-DESPESA-DO-MES-DE-ABRIL-DE-2022-ORGAO-02.pdf","9996",,,"0"
"170","242","Balancete da Despesa Mai/2022","Balancete da Despesa Mai/2022","05-BALANCETE-DA-DESPESA-DO-MES-DE-MAIO-DE-2022-ORGAO-02.pdf","9995",,,"0"
"171","242","Balancete da Despesa Jun/2022","Balancete da Despesa Jun/2022","06-BALANCETE-DA-DESPESA-DO-MES-DE-JUNHO-DE-2022-ORGAO-02.pdf","9994",,,"0"
"172","242","Balancete da Despesa Jul/2022","Balancete da Despesa Jul/2022","07-BALANCETE-DA-DESPESA-DO-MES-DE-JULHO-DE-2022-ORGAO-02.pdf","9993",,,"0"
"173","242","Balancete da Despesa Ago/2022","Balancete da Despesa Ago/2022","08-BALANCETE-DA-DESPESA-DO-MES-DE-AGOSTO-DE-2022-ORGAO-02.pdf","9992",,,"0"
"174","242","Balancete da Despesa Set/2022","Balancete da Despesa Set/2022","09-BALANCETE-DA-DESPESA-DO-MES-DE-SETEMBRO-DE-2022-ORGAO-02.pdf","9991",,,"0"
"175","242","Balancete da Despesa Out/2022","Balancete da Despesa Out/2022","10-BALANCETE-DA-DESPESA-DO-MES-DE-OUTUBRO-DE-2022-ORGAO-02.pdf","9990",,,"0"
"176","222","Balancete da Receita Jan/2022","Balancete da Receita Jan/2022","01-BALANCETE-DA-RECEITA-ORCAMENTARIA-DO-MES-DE-JANEIRO-DE-2022-ORGAO-02.pdf","9999",,,"0"
"177","222","Balancete da Receita Fev/2022","Balancete da Receita Fev/2022","02-BALANCETE-DA-RECEITA-ORCAMENTARIA-DO-MES-DE-FEVEREIRO-DE-2022-ORGAO-02.pdf","9998",,,"0"
"178","222","Balancete da Receita Mar/2022","Balancete da Receita Mar/2022","03-BALANCETE-DA-RECEITA-ORCAMENTARIA-DO-MES-DE-MARcO-DE-2022-ORGAO-02.pdf","9997",,,"0"
"179","222","Balancete da Receita Abr/2022","Balancete da Receita Abr/2022","04-BALANCETE-DA-RECEITA-ORCAMENTARIA-DO-MES-DE-ABRIL-DE-2022-ORGAO-02.pdf","9996",,,"0"
"180","222","Balancete da Receita Mai/2022","Balancete da Receita Mai/2022","05-BALANCETE-DA-RECEITA-ORCAMENTARIA-DO-MES-DE-MAIO-DE-2022-ORGAO-02.pdf","9995",,,"0"
"181","222","Balancete da Receita Jun/2022","Balancete da Receita Jun/2022","06-BALANCETE-DA-RECEITA-ORCAMENTARIA-DO-MES-DE-JUNHO-DE-2022-ORGAO-02.pdf","9994",,,"0"
"182","222","Balancete da Receita Jul/2022","Balancete da Receita Jul/2022","07-BALANCETE-DA-RECEITA-ORCAMENTARIA-DO-MES-DE-JULHO-DE-2022-ORGAO-02.pdf","9993",,,"0"
"183","222","Balancete da Receita Ago/2022","Balancete da Receita Ago/2022","08-BALANCETE-DA-RECEITA-ORCAMENTARIA-DO-MES-DE-AGOSTO-DE-2022-ORGAO-02.pdf","9992",,,"0"
"184","222","Balancete da Receita Set/2022","Balancete da Receita Set/2022","09-BALANCETE-DA-RECEITA-ORCAMENTARIA-DO-MES-DE-SETEMBRO-DE-2022-ORGAO-02.pdf","9991",,,"0"
"185","222","Balancete da Receita Out/2022","Balancete da Receita Out/2022","10-BALANCETE-DA-RECEITA-ORCAMENTARIA-DO-MES-DE-OUTUBRO-DE-2022-ORGAO-02.pdf","9990",,,"0"
"208","224","Balancete da Receita Jan/2020","Balancete da Receita Jan/2020","01-BALANCETE-DA-RECEITA-ORCAMENTARIA-DO-MES-DE-JANEIRO-DE-2020-ORGAO-02.pdf","9999",,,"0"
"209","224","Balancete da Receita Fev/2020","Balancete da Receita Fev/2020","02-BALANCETE-DA-RECEITA-ORCAMENTARIA-DO-MES-DE-FEVEREIRO-DE-2020-ORGAO-02.pdf","9998",,,"0"
"210","224","Balancete da Receita Mar/2020","Balancete da Receita Mar/2020","03-BALANCETE-DA-RECEITA-ORCAMENTARIA-DO-MES-DE-MARcO-DE-2020-ORGAO-02.pdf","9997",,,"0"
"211","224","Balancete da Receita Abr/2020","Balancete da Receita Abr/2020","04-BALANCETE-DA-RECEITA-ORCAMENTARIA-DO-MES-DE-ABRIL-DE-2020-ORGAO-02.pdf","9996",,,"0"
"212","224","Balancete da Receita Mai/2020","Balancete da Receita Mai/2020","05-BALANCETE-DA-RECEITA-ORCAMENTARIA-DO-MES-DE-MAIO-DE-2020-ORGAO-02.pdf","9995",,,"0"
"213","224","Balancete da Receita Jun/2020","Balancete da Receita Jun/2020","06-BALANCETE-DA-RECEITA-ORCAMENTARIA-DO-MES-DE-JUNHO-DE-2020-ORGAO-02.pdf","9994",,,"0"
"214","224","Balancete da Receita Jul/2020","Balancete da Receita Jul/2020","07-BALANCETE-DA-RECEITA-ORCAMENTARIA-DO-MES-DE-JULHO-DE-2020-ORGAO-02.pdf","9993",,,"0"
"215","224","Balancete da Receita Ago/2020","Balancete da Receita Ago/2020","08-BALANCETE-DA-RECEITA-ORCAMENTARIA-DO-MES-DE-AGOSTO-DE-2020-ORGAO-02.pdf","9992",,,"0"
"216","224","Balancete da Receita Set/2020","Balancete da Receita Set/2020","09-BALANCETE-DA-RECEITA-ORCAMENTARIA-DO-MES-DE-SETEMBRO-DE-2020-ORGAO-02.pdf","9991",,,"0"
"217","224","Balancete da Receita Out/2020","Balancete da Receita Out/2020","10-BALANCETE-DA-RECEITA-ORCAMENTARIA-DO-MES-DE-OUTUBRO-DE-2020-ORGAO-02.pdf","9990",,,"0"
"218","224","Balancete da Receita Nov/2020","Balancete da Receita Nov/2020","11-BALANCETE-DA-RECEITA-ORCAMENTARIA-DO-MES-DE-NOVEMBRO-DE-2020-ORGAO-02.pdf","8889",,,"0"
"219","224","Balancete da Receita Dez/2020","Balancete da Receita Dez/2020","12-BALANCETE-DA-RECEITA-ORCAMENTARIA-DO-MES-DE-DEZEMBRO-DE-2020-ORGAO-02.pdf","8888",,,"0"
"220","223","Balancete da Receita Jan/2021","Balancete da Receita Jan/2021","01-BALANCETE-DA-RECEITA-ORCAMENTARIA-DO-MES-DE-JANEIRO-DE-2021-ORGAO-02.pdf","9999",,,"0"
"221","223","Balancete da Receita Fev/2021","Balancete da Receita Fev/2021","02-BALANCETE-DA-RECEITA-ORCAMENTARIA-DO-MES-DE-FEVEREIRO-DE-2021-ORGAO-02.pdf","9998",,,"0"
"222","223","Balancete da Receita Mar/2021","Balancete da Receita Mar/2021","03-BALANCETE-DA-RECEITA-ORCAMENTARIA-DO-MES-DE-MARcO-DE-2021-ORGAO-02.pdf","9997",,,"0"
"223","223","Balancete da Receita Abr/2021","Balancete da Receita Abr/2021","04-BALANCETE-DA-RECEITA-ORCAMENTARIA-DO-MES-DE-ABRIL-DE-2021-ORGAO-02.pdf","9996",,,"0"
"224","223","Balancete da Receita Mai/2021","Balancete da Receita Mai/2021","05-BALANCETE-DA-RECEITA-ORCAMENTARIA-DO-MES-DE-MAIO-DE-2021-ORGAO-02.pdf","9995",,,"0"
"225","223","Balancete da Receita Jun/2021","Balancete da Receita Jun/2021","06-BALANCETE-DA-RECEITA-ORCAMENTARIA-DO-MES-DE-JUNHO-DE-2021-ORGAO-02.pdf","9994",,,"0"
"226","223","Balancete da Receita Jul/2021","Balancete da Receita Jul/2021","07-BALANCETE-DA-RECEITA-ORCAMENTARIA-DO-MES-DE-JULHO-DE-2021-ORGAO-02.pdf","9993",,,"0"
"227","223","Balancete da Receita Ago/2021","Balancete da Receita Ago/2021","08-BALANCETE-DA-RECEITA-ORCAMENTARIA-DO-MES-DE-AGOSTO-DE-2021-ORGAO-02.pdf","9992",,,"0"
"228","223","Balancete da Receita Set/2021","Balancete da Receita Set/2021","09-BALANCETE-DA-RECEITA-ORCAMENTARIA-DO-MES-DE-SETEMBRO-DE-2021-ORGAO-02.pdf","9991",,,"0"
"229","223","Balancete da Receita Out/2021","Balancete da Receita Out/2021","10-BALANCETE-DA-RECEITA-ORCAMENTARIA-DO-MES-DE-OUTUBRO-DE-2021-ORGAO-02.pdf","9990",,,"0"
"230","223","Balancete da Receita Nov/2021","Balancete da Receita Nov/2021","11-BALANCETE-DA-RECEITA-ORCAMENTARIA-DO-MES-DE-NOVEMBRO-DE-2021-ORGAO-02.pdf","8889",,,"0"
"231","223","Balancete da Receita Dez/2021","Balancete da Receita Dez/2021","12-BALANCETE-DA-RECEITA-ORCAMENTARIA-DO-MES-DE-DEZEMBRO-DE-2021-ORGAO-02.pdf","8888",,,"0"
"232","217","Balancete da Despesa Jan/2021","Balancete da Despesa Jan/2021","01-BALANCETE-DA-DESPESA-DO-MES-DE-JANEIRO-DE-2021-ORGAO-02.pdf","9999",,,"0"
"233","217","Balancete da Despesa Fev/2021","Balancete da Despesa Fev/2021","02-BALANCETE-DA-DESPESA-DO-MES-DE-FEVEREIRO-DE-2021-ORGAO-02.pdf","9998",,,"0"
"234","217","Balancete da Despesa Mar/2021","Balancete da Despesa Mar/2021","03-BALANCETE-DA-DESPESA-DO-MES-DE-MARcO-DE-2021-ORGAO-02.pdf","9997",,,"0"
"235","217","Balancete da Despesa Abr/2021","Balancete da Despesa Abr/2021","04-BALANCETE-DA-DESPESA-DO-MES-DE-ABRIL-DE-2021-ORGAO-02.pdf","9996",,,"0"
"236","217","Balancete da Despesa Mai/2021","Balancete da Despesa Mai/2021","05-BALANCETE-DA-DESPESA-DO-MES-DE-MAIO-DE-2021-ORGAO-02.pdf","9995",,,"0"
"237","217","Balancete da Despesa Jun/2021","Balancete da Despesa Jun/2021","06-BALANCETE-DA-DESPESA-DO-MES-DE-JUNHO-DE-2021-ORGAO-02.pdf","9994",,,"0"
"238","217","Balancete da Despesa Jul/2021","Balancete da Despesa Jul/2021","07-BALANCETE-DA-DESPESA-DO-MES-DE-JULHO-DE-2021-ORGAO-02.pdf","9993",,,"0"
"239","217","Balancete da Despesa Ago/2021","Balancete da Despesa Ago/2021","08-BALANCETE-DA-DESPESA-DO-MES-DE-AGOSTO-DE-2021-ORGAO-02.pdf","9992",,,"0"
"240","217","Balancete da Despesa Set/2021","Balancete da Despesa Set/2021","09-BALANCETE-DA-DESPESA-DO-MES-DE-SETEMBRO-DE-2021-ORGAO-02.pdf","9991",,,"0"
"241","217","Balancete da Despesa Out/2021","Balancete da Despesa Out/2021","10-BALANCETE-DA-DESPESA-DO-MES-DE-OUTUBRO-DE-2021-ORGAO-02.pdf","9990",,,"0"
"242","217","Balancete da Despesa Nov/2021","Balancete da Despesa Nov/2021","11-BALANCETE-DA-DESPESA-DO-MES-DE-NOVEMBRO-DE-2021-ORGAO-02.pdf","8889",,,"0"
"243","217","Balancete da Despesa Dez/2021","Balancete da Despesa Dez/2021","12-BALANCETE-DA-DESPESA-DO-MES-DE-DEZEMBRO-DE-2021-ORGAO-02.pdf","8888",,,"0"
"244","218","Balancete da Despesa Jan/2020","Balancete da Despesa Jan/2020","01-BALANCETE-DA-DESPESA-DO-MES-DE-JANEIRO-DE-2020-ORGAO-02.pdf","9999",,,"0"
"245","218","Balancete da Despesa Fev/2020","Balancete da Despesa Fev/2020","02-BALANCETE-DA-DESPESA-DO-MES-DE-FEVEREIRO-DE-2020-ORGAO-02.pdf","9998",,,"0"
"246","218","Balancete da Despesa Mar/2020","Balancete da Despesa Mar/2020","03-BALANCETE-DA-DESPESA-DO-MES-DE-MARcO-DE-2020-ORGAO-02.pdf","9997",,,"0"
"247","218","Balancete da Despesa Abr/2020","Balancete da Despesa Abr/2020","04-BALANCETE-DA-DESPESA-DO-MES-DE-ABRIL-DE-2020-ORGAO-02.pdf","9996",,,"0"
"248","218","Balancete da Despesa Mai/2020","Balancete da Despesa Mai/2020","05-BALANCETE-DA-DESPESA-DO-MES-DE-MAIO-DE-2020-ORGAO-02.pdf","9995",,,"0"
"249","218","Balancete da Despesa Jun/2020","Balancete da Despesa Jun/2020","06-BALANCETE-DA-DESPESA-DO-MES-DE-JUNHO-DE-2020-ORGAO-02.pdf","9994",,,"0"
"250","218","Balancete da Despesa Jul/2020","Balancete da Despesa Jul/2020","07-BALANCETE-DA-DESPESA-DO-MES-DE-JULHO-DE-2020-ORGAO-02.pdf","9993",,,"0"
"251","218","Balancete da Despesa Ago/2020","Balancete da Despesa Ago/2020","08-BALANCETE-DA-DESPESA-DO-MES-DE-AGOSTO-DE-2020-ORGAO-02.pdf","9992",,,"0"
"252","218","Balancete da Despesa Set/2020","Balancete da Despesa Set/2020","09-BALANCETE-DA-DESPESA-DO-MES-DE-SETEMBRO-DE-2020-ORGAO-02.pdf","9991",,,"0"
"253","218","Balancete da Despesa Out/2020","Balancete da Despesa Out/2020","10-BALANCETE-DA-DESPESA-DO-MES-DE-OUTUBRO-DE-2020-ORGAO-02.pdf","9990",,,"0"
"254","218","Balancete da Despesa Nov/2020","Balancete da Despesa Nov/2020","11-BALANCETE-DA-DESPESA-DO-MES-DE-NOVEMBRO-DE-2020-ORGAO-02.pdf","8889",,,"0"
"255","218","Balancete da Despesa Dez/2020","Balancete da Despesa Dez/2020","12-BALANCETE-DA-DESPESA-DO-MES-DE-DEZEMBRO-DE-2020-ORGAO-02.pdf","8888",,,"0"
"256","228","DUEODÉCIMO JAN-2021","DUEODÉCIMO JAN-2021","01-DUODECIMO-PERIODO-DE-01012021-A-31012021.pdf","9999",,,"0"
"257","228","DUEODÉCIMO FEV-2021","DUEODÉCIMO FEV-2021","02-DUODECIMO-PERIODO-DE-01022021-A-28022021.pdf","9998",,,"0"
"258","228","DUEODÉCIMO MAR-2021","DUEODÉCIMO MAR-2021","03-DUODECIMO-PERIODO-DE-01032021-A-31032021.pdf","9997",,,"0"
"259","228","DUEODÉCIMO ABR-2021","DUEODÉCIMO ABR-2021","04-DUODECIMO-PERIODO-DE-01042021-A-30042021.pdf","9996",,,"0"
"260","228","DUEODÉCIMO MAI-2021","DUEODÉCIMO MAI-2021","05-DUODECIMO-PERIODO-DE-01052021-A-31052021.pdf","9995",,,"0"
"261","228","DUEODÉCIMO JUN-2021","DUEODÉCIMO JUN-2021","06-DUODECIMO-PERIODO-DE-01062021-A-30062021.pdf","9994",,,"0"
"262","228","DUEODÉCIMO JUL-2021","DUEODÉCIMO JUL-2021","07-DUODECIMO-PERIODO-DE-01072021-A-31072021.pdf","9993",,,"0"
"263","228","DUEODÉCIMO AGO-2021","DUEODÉCIMO AGO-2021","08-DUODECIMO-PERIODO-DE-01082021-A-31082021.pdf","9992",,,"0"
"264","228","DUEODÉCIMO SET-2021","DUEODÉCIMO SET-2021","09-DUODECIMO-PERIODO-DE-01092021-A-30092021.pdf","9991",,,"0"
"265","228","DUEODÉCIMO OUT-2021","DUEODÉCIMO OUT-2021","10-DUODECIMO-PERIODO-DE-01102021-A-31102021.pdf","9990",,,"0"
"266","228","DUEODÉCIMO NOV-2021","DUEODÉCIMO NOV-2021","11-DUODECIMO-PERIODO-DE-01112021-A-30112021.pdf","8889",,,"0"
"267","228","DUEODÉCIMO DEZ-2021","DUEODÉCIMO DEZ-2021","12-DUODECIMO-PERIODO-DE-01122021-A-31122021.pdf","8888",,,"0"
"268","229","DUODÉCIMO JAN-2020","DUODÉCIMO JAN-2020","01-DUODECIMO-PERIODO-DE-01012020-A-31012020.pdf","9999",,,"0"
"269","229","DUODÉCIMO FEV-2020","DUODÉCIMO FEV-2020","02-DUODECIMO-PERIODO-DE-01022020-A-29022020.pdf","9998",,,"0"
"270","229","DUODÉCIMO MAR-2020","DUODÉCIMO MAR-2020","03-DUODECIMO-PERIODO-DE-01032020-A-31032020.pdf","9997",,,"0"
"271","229","DUODÉCIMO ABR-2020","DUODÉCIMO ABR-2020","04-DUODECIMO-PERIODO-DE-01042020-A-30042020.pdf","9996",,,"0"
"272","229","DUODÉCIMO MAI-2020","DUODÉCIMO MAI-2020","05-DUODECIMO-PERIODO-DE-01052020-A-31052020.pdf","9995",,,"0"
"273","229","DUODÉCIMO JUN-2020","DUODÉCIMO JUN-2020","06-DUODECIMO-PERIODO-DE-01062020-A-30062020.pdf","9994",,,"0"
"274","229","DUODÉCIMO JUL-2020","DUODÉCIMO JUL-2020","07-DUODECIMO-PERIODO-DE-01072020-A-31072020.pdf","9993",,,"0"
"275","229","DUODÉCIMO AGO-2020","DUODÉCIMO AGO-2020","08-DUODECIMO-PERIODO-DE-01082020-A-31082020.pdf","9992",,,"0"
"276","229","DUODÉCIMO SET-2020","DUODÉCIMO SET-2020","09-DUODECIMO-PERIODO-DE-01092020-A-30092020.pdf","8889",,,"0"
"277","229","DUODÉCIMO OUT-2020","DUODÉCIMO OUT-2020","10-DUODECIMO-PERIODO-DE-01102020-A-31102020.pdf","8888",,,"0"
"278","236","Anexo 01 - Demonstrativo da Despesa com Pessoal 1°semestre 2022","Anexo 01 - Demonstrativo da Despesa com Pessoal 1°semestre 2022","RGF-Anexo-01-Demonstrativo-da-Despesa-com-Pessoal-1semestre-2022.pdf","9999",,,"0"
"280","235","Anexo 01 - Demonstrativo da Despesa com Pessoal 1°quadrimestre 2021","Anexo 01 - Demonstrativo da Despesa com Pessoal 1°quadrimestre 2021","RGF-Anexo-01-Demonstrativo-da-Despesa-com-Pessoal-1quadrimestre-2021.pdf","9999",,,"0"
"281","235","Anexo 01 - Demonstrativo da Despesa com Pessoal 2°quadrimestre 2021","Anexo 01 - Demonstrativo da Despesa com Pessoal 2°quadrimestre 2021","RGF-Anexo-01-Demonstrativo-da-Despesa-com-Pessoal-2quadrimestre-2021.pdf","9998",,,"0"
"282","235","Anexo 01 - Demonstrativo da Despesa com Pessoal 3°quadrimestre 2021","Anexo 01 - Demonstrativo da Despesa com Pessoal 3°quadrimestre 2021","RGF-Anexo-01-Demonstrativo-da-Despesa-com-Pessoal-3quadrimestre-2021.pdf","9997",,,"0"
"283","235","Anexo 02 -  Demonstrativo da divida consolidada líquida 1° quadrimestre 2021","Anexo 02 -  Demonstrativo da divida consolidada líquida 1° quadrimestre 2021","RGF-Anexo-02-Demonstrativo-da-divida-consolidada-liquida-1-quadrimestre-2021.pdf","9996",,,"0"
"284","235","Anexo 02 -  Demonstrativo da divida consolidada líquida 2° quadrimestre 2021","Anexo 02 -  Demonstrativo da divida consolidada líquida 2° quadrimestre 2021","RGF-Anexo-02-Demonstrativo-da-divida-consolidada-liquida-2-quadrimestre-2021.pdf","9995",,,"0"
"285","235","Anexo 02 -  Demonstrativo da divida consolidada líquida 3° quadrimestre 2021","Anexo 02 -  Demonstrativo da divida consolidada líquida 3° quadrimestre 2021","RGF-Anexo-02-Demonstrativo-da-divida-consolidada-liquida-3-quadrimestre-2021.pdf","9994",,,"0"
"286","234","Anexo 02 -  Demonstrativo da divida consolidada líquida 1° quadrimestre 2020","Anexo 02 -  Demonstrativo da divida consolidada líquida 1° quadrimestre 2020","RGF-Anexo-02-Demonstrativo-da-divida-consolidada-liquida-1-quadrimestre-2020.pdf","9996",,,"0"
"287","234","Anexo 02 -  Demonstrativo da divida consolidada líquida 2° quadrimestre 2020","Anexo 02 -  Demonstrativo da divida consolidada líquida 2° quadrimestre 2020","RGF-Anexo-02-Demonstrativo-da-divida-consolidada-liquida-2-quadrimestre-2020.pdf","9995",,,"0"
"288","234","Anexo 02 -  Demonstrativo da divida consolidada líquida 3° quadrimestre 2020","Anexo 02 -  Demonstrativo da divida consolidada líquida 3° quadrimestre 2020","RGF-Anexo-02-Demonstrativo-da-divida-consolidada-liquida-3-quadrimestre-2020.pdf","9994",,,"0"
"289","236","Anexo 02 -  Demonstrativo da divida consolidada líquida 1° semestre 2022","Anexo 02 -  Demonstrativo da divida consolidada líquida 1° semestre 2022","RGF-Anexo-02-Demonstrativo-da-divida-consolidada-liquida-1-semestre-2022.pdf","9999",,,"0"
"290","234","Anexo 01 -  Demonstrativo da despesa com pessoal 1° quadrimestre 2020","Anexo 01 -  Demonstrativo da despesa com pessoal 1° quadrimestre 2020","RGF-Anexo-01-Demonstrativo-da-Despesa-com-Pessoal-1quadrimestre-2020.pdf","9999",,,"0"
"291","234","Anexo 01 -  Demonstrativo da despesa com pessoal 2° quadrimestre 2020","Anexo 01 -  Demonstrativo da despesa com pessoal 2° quadrimestre 2020","RGF-Anexo-01-Demonstrativo-da-Despesa-com-Pessoal-2quadrimestre-2020.pdf","9998",,,"0"
"292","234","Anexo 01 -  Demonstrativo da despesa com pessoal 3° quadrimestre 2020","Anexo 01 -  Demonstrativo da despesa com pessoal 3° quadrimestre 2020","RGF-Anexo-01-Demonstrativo-da-Despesa-com-Pessoal-3quadrimestre-2020.pdf","9997",,,"0"
"294","236","Anexo 04 -  Demonstrativo das operações de crédito 1° semestre  2022","Anexo 04 -  Demonstrativo das operações de crédito 1° semestre  2022","RGF-Anexo-04-Demonstrativo-das-operacoes-de-credito-1-semestre-2022.pdf","9999",,,"0"
"295","235","Anexo 04 -  Demonstrativo das operações de crédito 1° quadrimestre  2021","Anexo 04 -  Demonstrativo das operações de crédito 1° quadrimestre  2021","RGF-Anexo-04-Demonstrativo-das-operacoes-de-credito-1-quadrimestre-2021.pdf","9990",,,"0"
"296","235","Anexo 04 -  Demonstrativo das operações de crédito 2° quadrimestre  2021","Anexo 04 -  Demonstrativo das operações de crédito 2° quadrimestre  2021","RGF-Anexo-04-Demonstrativo-das-operacoes-de-credito-2-quadrimestre-2021.pdf","9989",,,"0"
"297","235","Anexo 04 -  Demonstrativo das operações de crédito 3° quadrimestre  2021","Anexo 04 -  Demonstrativo das operações de crédito 3° quadrimestre  2021","RGF-Anexo-04-Demonstrativo-das-operacoes-de-credito-3-quadrimestre-2021.pdf","9988",,,"0"
"298","234","Anexo 04 -  Demonstrativo das operações de crédito 1° quadrimestre  2020","Anexo 04 -  Demonstrativo das operações de crédito 1° quadrimestre  2020","RGF-Anexo-04-Demonstrativo-das-operacoes-de-credito-1-quadrimestre-2020.pdf","9990",,,"0"
"299","234","Anexo 04 -  Demonstrativo das operações de crédito 2° quadrimestre  2020","Anexo 04 -  Demonstrativo das operações de crédito 2° quadrimestre  2020","RGF-Anexo-04-Demonstrativo-das-operacoes-de-credito-2-quadrimestre-2020.pdf","9989",,,"0"
"300","234","Anexo 04 -  Demonstrativo das operações de crédito 3° quadrimestre  2020","Anexo 04 -  Demonstrativo das operações de crédito 3° quadrimestre  2020","RGF-Anexo-04-Demonstrativo-das-operacoes-de-credito-3-quadrimestre-2020.pdf","9988",,,"0"
"301","236","Anexo 05 -  Demonstrativo da disponibilidade de caixa e dos restos a pagar 1° semestre 2022","Anexo 05 -  Demonstrativo da disponibilidade de caixa e dos restos a pagar 1° semestre 2022","RGF-Anexo-05-Desmonstrativo-da-disponibilidade-de-caixa-e-dos-restos-a-pagar-1o-semestre-2022.pdf","9999",,,"0"
"302","236","Anexo 06 -  Demonstrativo Simplificado do relatório de gestão fiscal 1° semestre 2022","Anexo 06 -  Demonstrativo Simplificado do relatório de gestão fiscal 1° semestre 2022","RGF-Anexo-06-Demonstrativo-simplificado-do-relatorio-de-gestao-fiscal-1-semestre-2022.pdf","9999",,,"0"
"304","234","Anexo 03 - Demonstrativo Garantias Concedidas e Contragarantias Recebidas - 1° quadrimestre 2020","Anexo 03 - Demonstrativo Garantias Concedidas e Contragarantias Recebidas - 1° quadrimestre 2020","RGF-Anexo-03-Demonstrativo-Garantias-Concedidas-e-Contragarantias-Recebidas-1-quadrimestre-2020.pdf","9993",,,"0"
"305","234","Anexo 03 - Demonstrativo Garantias Concedidas e Contragarantias Recebidas - 2° quadrimestre 2020","Anexo 03 - Demonstrativo Garantias Concedidas e Contragarantias Recebidas - 2° quadrimestre 2020","RGF-Anexo-03-Demonstrativo-Garantias-Concedidas-e-Contragarantias-Recebidas-2-quadrimestre-2020.pdf","9992",,,"0"
"306","234","Anexo 03 - Demonstrativo Garantias Concedidas e Contragarantias Recebidas - 3° quadrimestre 2020","Anexo 03 - Demonstrativo Garantias Concedidas e Contragarantias Recebidas - 3° quadrimestre 2020","RGF-Anexo-03-Demonstrativo-Garantias-Concedidas-e-Contragarantias-Recebidas-3-quadrimestre-2020.pdf","9991",,,"0"
"307","235","Anexo 03 - Demonstrativo Garantias Concedidas e Contragarantias Recebidas - 1° quadrimestre  2021","Anexo 03 - Demonstrativo Garantias Concedidas e Contragarantias Recebidas - 1° quadrimestre  2021","RGF-Anexo-03-Demonstrativo-Garantias-Concedidas-e-Contragarantias-Recebidas-1-quadrimestre-2021.pdf","9993",,,"0"
"308","235","Anexo 03 - Demonstrativo Garantias Concedidas e Contragarantias Recebidas - 2° quadrimestre  2021","Anexo 03 - Demonstrativo Garantias Concedidas e Contragarantias Recebidas - 2° quadrimestre  2021","RGF-Anexo-03-Demonstrativo-Garantias-Concedidas-e-Contragarantias-Recebidas-2-quadrimestre-2021.pdf","9992",,,"0"
"309","235","Anexo 03 - Demonstrativo Garantias Concedidas e Contragarantias Recebidas - 3° quadrimestre  2021","Anexo 03 - Demonstrativo Garantias Concedidas e Contragarantias Recebidas - 3° quadrimestre  2021","RGF-Anexo-03-Demonstrativo-Garantias-Concedidas-e-Contragarantias-Recebidas-3-quadrimestre-2021.pdf","9991",,,"0"
"310","235","Anexo 05 - Demonstrativo da disponibilidade de caixa e dos restos a pagar 1°quadrimestre 2021","Anexo 05 - Demonstrativo da disponibilidade de caixa e dos restos a pagar 1°quadrimestre 2021","RGF-Anexo-05-Demonstrativo-da-disponibilidade-de-caixa-e-dos-restos-a-pagar-1quadrimestre-2021.pdf","9987",,,"0"
"311","235","Anexo 05 - Demonstrativo da disponibilidade de caixa e dos restos a pagar 2°quadrimestre 2021","Anexo 05 - Demonstrativo da disponibilidade de caixa e dos restos a pagar 2°quadrimestre 2021","RGF-Anexo-05-Demonstrativo-da-disponibilidade-de-caixa-e-dos-restos-a-pagar-2quadrimestre-2021.pdf","9986",,,"0"
"312","235","Anexo 05 - Demonstrativo da disponibilidade de caixa e dos restos a pagar 3°quadrimestre 2021","Anexo 05 - Demonstrativo da disponibilidade de caixa e dos restos a pagar 3°quadrimestre 2021","RGF-Anexo-05-Demonstrativo-da-disponibilidade-de-caixa-e-dos-restos-a-pagar-3quadrimestre-2021.pdf","9985",,,"0"
"313","234","Anexo 06 - Demonstrativo simplificado do relatório de gestão fiscal 1 ° quadrimestre  2020","Anexo 06 - Demonstrativo simplificado do relatório de gestão fiscal 1 ° quadrimestre  2020","RGF-Anexo-06-Demonstrativo-simplificado-do-relatorio-de-gestao-fiscal-1-quadrimestre-2020.pdf","9984",,,"0"
"314","234","Anexo 06 - Demonstrativo simplificado do relatório de gestão fiscal 2 ° quadrimestre  2020","Anexo 06 - Demonstrativo simplificado do relatório de gestão fiscal  2 ° quadrimestre  2020","RGF-Anexo-06-Demonstrativo-simplificado-do-relatorio-de-gestao-fiscal-2-quadrimestre-2020.pdf","9983",,,"0"
"315","234","Anexo 06 - Demonstrativo simplificado do relatório de gestão fiscal 3° quadrimestre  2020","Anexo 06 - Demonstrativo simplificado do relatório de gestão fiscal 3 ° quadrimestre  2020","RGF-Anexo-06-Demonstrativo-simplificado-do-relatorio-de-gestao-fiscal-3-quadrimestre-2020.pdf","9982",,,"0"
"316","235","Anexo 06 - Demonstrativo simplificado do relatório de gestão fiscal 1 ° quadrimestre  2021","Anexo 06 - Demonstrativo simplificado do relatório de gestão fiscal 1 ° quadrimestre  2021","RGF-Anexo-06-Demonstrativo-simplificado-do-relatorio-de-gestao-fiscal-1-quadrimestre-2021.pdf","9984",,,"0"
"317","235","Anexo 06 - Demonstrativo simplificado do relatório de gestão fiscal 2° quadrimestre  2021","Anexo 06 - Demonstrativo simplificado do relatório de gestão fiscal 2 ° quadrimestre  2021","RGF-Anexo-06-Demonstrativo-simplificado-do-relatorio-de-gestao-fiscal-2-quadrimestre-2021.pdf","9983",,,"0"
"318","235","Anexo 06 - Demonstrativo simplificado do relatório de gestão fiscal 3 ° quadrimestre  2021","Anexo 06 - Demonstrativo simplificado do relatório de gestão fiscal 3 ° quadrimestre  2021","RGF-Anexo-06-Demonstrativo-simplificado-do-relatorio-de-gestao-fiscal-3-quadrimestre-2021.pdf","9982",,,"0"
"319","244","ANEXO 14 - BALANÇO PATRIMONIAL 2021 CONF. NBC T 16.6","ANEXO 14 - BALANÇO PATRIMONIAL 2021 CONF. NBC T 16.6","ANEXO-14-BALANCO-PATRIMONIAL-2021-CONF-NBC-T-166.pdf","9999",,,"0"
"320","244","ANEXO 12 - BALANÇO ORÇAMENTÁRIO 2021  - CONF. NBCT 16.6","ANEXO 12 - BALANÇO ORÇAMENTÁRIO 2021  - CONF. NBCT 16.6","ANEXO-12-BALANCO-ORCAMENTARIO-2021-CONF-NBCT-166.pdf","9999",,,"0"
"321","244","ANEXO 13 - BALANÇO FINANCEIRO 2021 - CONF. NBC T 16.6","ANEXO 13 - BALANÇO FINANCEIRO 2021 - CONF. NBC T 16.6","ANEXO-13-BALANCO-FINANCEIRO-2021-CONF-NBC-T-166.pdf","9999",,,"0"
"322","245","ANEXO 12 - BALANÇO ORÇAMENTÁRIO 2020 - CONF. NBC T 16.6","ANEXO 12 - BALANÇO ORÇAMENTÁRIO 2020 - CONF. NBC T 16.6","ANEXO-12-BALANCO-ORCAMENTARIO-2020-CONF-NBC-T-166.pdf","9999",,,"0"
"323","245","ANEXO 13 - BALANÇO FINANCEIRO 2020 - CONF. NBC T 16.6","ANEXO 13 - BALANÇO FINANCEIRO 2020 - CONF. NBC T 16.6","ANEXO-13-BALANCO-FINANCEIRO-2020-CONF-NBC-T-166.pdf","9999",,,"0"
"324","245","ANEXO 14 - BALANÇO PATRIMONIAL 2020 - CONF. NBC T 16.6","ANEXO 14 - BALANÇO PATRIMONIAL 2020 - CONF. NBC T 16.6","ANEXO-14-BALANCO-PATRIMONIAL-2020-CONF-NBC-T-166.pdf","9999",,,"0"
"325","245","ANEXO 15 - DEMONSTRATIVO DAS VARIAÇÕES PATRIMONIAIS 2020 - CONF. NBC T 16.6","ANEXO 15 - DEMONSTRATIVO DAS VARIAÇÕES PATRIMONIAIS 2020 - CONF. NBC T 16.6","ANEXO-15-DEMONSTRATIVO-DAS-VARIACOES-PATRIMONIAIS-2020-CONF-NBC-T-166.pdf","9999",,,"0"
"326","244","ANEXO 15 - DEMONSTRATIVO DAS VARIAÇÕES PATRIMONIAIS 2021 - CONF. NBC T 16.6","ANEXO 15 - DEMONSTRATIVO DAS VARIAÇÕES PATRIMONIAIS 2021 - CONF. NBC T 16.6","ANEXO-15-DEMONSTRATIVO-DAS-VARIACOES-PATRIMONIAIS-2021-CONF-NBC-T-166.pdf","9999",,,"0"
"327","234","Anexo 05 - Demonstrativo da disponibilidade de caixa e dos restos a pagar 1°quadrimestre 2020","Anexo 05 - Demonstrativo da disponibilidade de caixa e dos restos a pagar 1°quadrimestre 2020","RGF-Anexo-05-Demonstrativo-da-disponibilidade-de-caixa-e-dos-restos-a-pagar-1quadrimestre-2020.pdf","9987",,,"0"
"328","234","Anexo 05 - Demonstrativo da disponibilidade de caixa e dos restos a pagar 2°quadrimestre 2020","Anexo 05 - Demonstrativo da disponibilidade de caixa e dos restos a pagar 2°quadrimestre 2020","RGF-Anexo-05-Demonstrativo-da-disponibilidade-de-caixa-e-dos-restos-a-pagar-2quadrimestre-2020.pdf","9986",,,"0"
"329","234","Anexo 05 - Demonstrativo da disponibilidade de caixa e dos restos a pagar 3°quadrimestre 2020","Anexo 05 - Demonstrativo da disponibilidade de caixa e dos restos a pagar 3°quadrimestre 2020","RGF-Anexo-05-Demonstrativo-da-disponibilidade-de-caixa-e-dos-restos-a-pagar-3quadrimestre-2020.pdf","9985",,,"0"
"330","236","Anexo 03 - Demonstrativo Garantias Concedidas e Contragarantias Recebidas - 1° semestre  2022","Anexo 03 - Demonstrativo Garantias Concedidas e Contragarantias Recebidas - 1° semestre  2022","RGF-Anexo-03-Demonstrativo-Garantias-Concedidas-e-Contragarantias-Recebidas-1-semestre-2022.pdf","9999",,,"0"
"332","222","Balancete da Receita Nov/2022","Balancete da Receita Nov/2022","11-BALANCETE-DA-RECEITA-ORCAMENTARIA-DO-MES-DE-NOVEMBRO-DE-2022-ORGAO-02.pdf","9989",,,"0"
"333","242","Balancete da Despesa Nov/2022","Balancete da Despesa Nov/2022","11-BALANCETE-DA-DESPESA-DO-MES-DE-NOVEMBRO-DE-2022-ORGAO-02.pdf","9989",,,"0"
"334","241","Anexo 01 - Balanço Orçamentário 1°Bimestre 2022","Anexo 01 - Balanço Orçamentário 1°Bimestre 2022","RREO-Anexo-01-Balanco-Orcamentario-1Bimestre-2022.pdf","9999",,,"0"
"335","241","Anexo 01 - Balanço Orçamentário 2°Bimestre 2022","Anexo 01 - Balanço Orçamentário 2°Bimestre 2022","RREO-Anexo-01-Balanco-Orcamentario-2Bimestre-2022.pdf","9999",,,"0"
"336","241","Anexo 01 - Balanço Orçamentário 3°Bimestre 2022","Anexo 01 - Balanço Orçamentário 3°Bimestre 2022","RREO-Anexo-01-Balanco-Orcamentario-3Bimestre-2022.pdf","9999",,,"0"
"337","241","Anexo 01 - Balanço Orçamentário 4°Bimestre 2022","Anexo 01 - Balanço Orçamentário 4°Bimestre 2022","RREO-Anexo-01-Balanco-Orcamentario-4Bimestre-2022.pdf","9999",,,"0"
"338","241","Anexo 01 - Balanço Orçamentário 5°Bimestre 2022","Anexo 01 - Balanço Orçamentário 5°Bimestre 2022","RREO-Anexo-01-Balanco-Orcamentario-5Bimestre-2022.pdf","9999",,,"0"
"339","241","Anexo 02 - Demonstrativo da execução das despesas por função 1°bimestre 2022","Anexo 02 - Demonstrativo da execução das despesas por função 1°bimestre 2022","RREO-Anexo-02-Demonstrativo-da-execucao-das-despesas-por-funcao-1bimestre-2022.pdf","9999",,,"0"
"340","241","Anexo 02 - Demonstrativo da execução das despesas por função 2°bimestre 2022","Anexo 02 - Demonstrativo da execução das despesas por função 2°bimestre 2022","RREO-Anexo-02-Demonstrativo-da-execucao-das-despesas-por-funcao-2bimestre-2022.pdf","9999",,,"0"
"341","241","Anexo 02 - Demonstrativo da execução das despesas por função 3°bimestre 2022","Anexo 02 - Demonstrativo da execução das despesas por função 3°bimestre 2022","RREO-Anexo-02-Demonstrativo-da-execucao-das-despesas-por-funcao-3bimestre-2022.pdf","9999",,,"0"
"342","241","Anexo 02 - Demonstrativo da execução das despesas por função 4°bimestre 2022","Anexo 02 - Demonstrativo da execução das despesas por função 4°bimestre 2022","RREO-Anexo-02-Demonstrativo-da-execucao-das-despesas-por-funcao-4bimestre-2022.pdf","9999",,,"0"
"343","241","Anexo 02 - Demonstrativo da execução das despesas por função 5°bimestre 2022","Anexo 02 - Demonstrativo da execução das despesas por função 5°bimestre 2022","RREO-Anexo-02-Demonstrativo-da-execucao-das-despesas-por-funcao-5bimestre-2022.pdf","9999",,,"0"
"344","241","Anexo 03 - Demonstrativo da Receita Corrente Líquida 1°Bimestre 2022","Anexo 03 - Demonstrativo da Receita Corrente Líquida 1°Bimestre 2022","RREO-Anexo-03-Demonstrativo-da-Receita-Corrente-Liquida-1Bimestre-2022.pdf","9999",,,"0"
"345","241","Anexo 03 - Demonstrativo da Receita Corrente Líquida 2°Bimestre 2022","Anexo 03 - Demonstrativo da Receita Corrente Líquida 2°Bimestre 2022","RREO-Anexo-03-Demonstrativo-da-Receita-Corrente-Liquida-2Bimestre-2022.pdf","9999",,,"0"
"346","241","Anexo 03 - Demonstrativo da Receita Corrente Líquida 3°Bimestre 2022","Anexo 03 - Demonstrativo da Receita Corrente Líquida 3°Bimestre 2022","RREO-Anexo-03-Demonstrativo-da-Receita-Corrente-Liquida-3Bimestre-2022.pdf","9999",,,"0"
"347","241","Anexo 03 - Demonstrativo da Receita Corrente Líquida 4°Bimestre 2022","Anexo 03 - Demonstrativo da Receita Corrente Líquida 4°Bimestre 2022","RREO-Anexo-03-Demonstrativo-da-Receita-Corrente-Liquida-4Bimestre-2022.pdf","9999",,,"0"
"348","241","Anexo 03 - Demonstrativo da Receita Corrente Líquida 5°Bimestre 2022","Anexo 03 - Demonstrativo da Receita Corrente Líquida 5°Bimestre 2022","RREO-Anexo-03-Demonstrativo-da-Receita-Corrente-Liquida-5Bimestre-2022.pdf","9999",,,"0"
"349","240","Anexo 01 - Balanço Orçamentário 1°Bimestre 2021","Anexo 01 - Balanço Orçamentário 1°Bimestre 2021","RREO-Anexo-01-Balanco-Orcamentario-1Bimestre-2021.pdf","9999",,,"0"
"350","240","Anexo 01 - Balanço Orçamentário 2°Bimestre 2021","Anexo 01 - Balanço Orçamentário 2°Bimestre 2021","RREO-Anexo-01-Balanco-Orcamentario-2Bimestre-2021.pdf","9999",,,"0"
"351","240","Anexo 01 - Balanço Orçamentário 3°Bimestre 2021","Anexo 01 - Balanço Orçamentário 3°Bimestre 2021","RREO-Anexo-01-Balanco-Orcamentario-3Bimestre-2021.pdf","9999",,,"0"
"352","240","Anexo 01 - Balanço Orçamentário 4°Bimestre 2021","Anexo 01 - Balanço Orçamentário 4°Bimestre 2021","RREO-Anexo-01-Balanco-Orcamentario-4Bimestre-2021.pdf","9999",,,"0"
"353","240","Anexo 01 - Balanço Orçamentário 5°Bimestre 2021","Anexo 01 - Balanço Orçamentário 5°Bimestre 2021","RREO-Anexo-01-Balanco-Orcamentario-5Bimestre-2021.pdf","9999",,,"0"
"354","240","Anexo 01 - Balanço Orçamentário 6°Bimestre 2021","Anexo 01 - Balanço Orçamentário 6°Bimestre 2021","RREO-Anexo-01-Balanco-Orcamentario-6Bimestre-2021.pdf","9999",,,"0"
"355","240","Anexo 02 - Demonstrativo da execução das despesas por função 1°bimestre 2021","Anexo 02 - Demonstrativo da execução das despesas por função 1°bimestre 2021","RREO-Anexo-02-Demonstrativo-da-execucao-das-despesas-por-funcao-1bimestre-2021.pdf","9999",,,"0"
"356","240","Anexo 02 - Demonstrativo da execução das despesas por função 2°bimestre 2021","Anexo 02 - Demonstrativo da execução das despesas por função 2°bimestre 2021","RREO-Anexo-02-Demonstrativo-da-execucao-das-despesas-por-funcao-2bimestre-2021.pdf","9999",,,"0"
"357","240","Anexo 02 - Demonstrativo da execução das despesas por função 3°bimestre 2021","Anexo 02 - Demonstrativo da execução das despesas por função 3°bimestre 2021","RREO-Anexo-02-Demonstrativo-da-execucao-das-despesas-por-funcao-3bimestre-2021.pdf","9999",,,"0"
"358","240","Anexo 02 - Demonstrativo da execução das despesas por função 4°bimestre 2021","Anexo 02 - Demonstrativo da execução das despesas por função 4°bimestre 2021","RREO-Anexo-02-Demonstrativo-da-execucao-das-despesas-por-funcao-4bimestre-2021.pdf","9999",,,"0"
"359","240","Anexo 02 - Demonstrativo da execução das despesas por função 5°bimestre 2021","Anexo 02 - Demonstrativo da execução das despesas por função 5°bimestre 2021","RREO-Anexo-02-Demonstrativo-da-execucao-das-despesas-por-funcao-5bimestre-2021.pdf","9999",,,"0"
"360","240","Anexo 02 - Demonstrativo da execução das despesas por função 6°bimestre 2021","Anexo 02 - Demonstrativo da execução das despesas por função 6°bimestre 2021","RREO-Anexo-02-Demonstrativo-da-execucao-das-despesas-por-funcao-6bimestre-2021.pdf","9999",,,"0"
"361","240","Anexo 03 - Demonstrativo da Receita Corrente Líquida 1°Bimestre 2021","Anexo 03 - Demonstrativo da Receita Corrente Líquida 1°Bimestre 2021","RREO-Anexo-03-Demonstrativo-da-Receita-Corrente-Liquida-1Bimestre-2021.pdf","9999",,,"0"
"362","240","Anexo 03 - Demonstrativo da Receita Corrente Líquida 2°Bimestre 2021","Anexo 03 - Demonstrativo da Receita Corrente Líquida 2°Bimestre 2021","RREO-Anexo-03-Demonstrativo-da-Receita-Corrente-Liquida-2Bimestre-2021.pdf","9999",,,"0"
"363","240","Anexo 03 - Demonstrativo da Receita Corrente Líquida 3°Bimestre 2021","Anexo 03 - Demonstrativo da Receita Corrente Líquida 3°Bimestre 2021","RREO-Anexo-03-Demonstrativo-da-Receita-Corrente-Liquida-3Bimestre-2021.pdf","9999",,,"0"
"364","240","Anexo 03 - Demonstrativo da Receita Corrente Líquida 4°Bimestre 2021","Anexo 03 - Demonstrativo da Receita Corrente Líquida 4Bimestre 2021","RREO-Anexo-03-Demonstrativo-da-Receita-Corrente-Liquida-4Bimestre-2021.pdf","9999",,,"0"
"365","240","Anexo 03 - Demonstrativo da Receita Corrente Líquida 5°Bimestre 2021","Anexo 03 - Demonstrativo da Receita Corrente Líquida 5°Bimestre 2021","RREO-Anexo-03-Demonstrativo-da-Receita-Corrente-Liquida-5Bimestre-2021.pdf","9999",,,"0"
"366","240","Anexo 03 - Demonstrativo da Receita Corrente Líquida 6°Bimestre 2021","Anexo 03 - Demonstrativo da Receita Corrente Líquida 6°Bimestre 2021","RREO-Anexo-03-Demonstrativo-da-Receita-Corrente-Liquida-6Bimestre-2021.pdf","9999",,,"0"
"367","239","Anexo 01 - Balanço Orçamentário 1°Bimestre 2020","Anexo 01 - Balanço Orçamentário 1°Bimestre 2020","RREO-Anexo-01-Balanco-Orcamentario-1Bimestre-2020.pdf","9999",,,"0"
"368","239","Anexo 01 - Balanço Orçamentário 2°Bimestre 2020","Anexo 01 - Balanço Orçamentário 2°Bimestre 2020","RREO-Anexo-01-Balanco-Orcamentario-2Bimestre-2020.pdf","9999",,,"0"
"369","239","Anexo 01 - Balanço Orçamentário 3°Bimestre 2020","Anexo 01 - Balanço Orçamentário 3°Bimestre 2020","RREO-Anexo-01-Balanco-Orcamentario-3Bimestre-2020.pdf","9999",,,"0"
"370","239","Anexo 01 - Balanço Orçamentário 4°Bimestre 2020","Anexo 01 - Balanço Orçamentário 4°Bimestre 2020","RREO-Anexo-01-Balanco-Orcamentario-4Bimestre-2020.pdf","9999",,,"0"
"371","239","Anexo 01 - Balanço Orçamentário 5°Bimestre 2020","Anexo 01 - Balanço Orçamentário 5°Bimestre 2020","RREO-Anexo-01-Balanco-Orcamentario-5Bimestre-2020.pdf","9999",,,"0"
"372","239","Anexo 01 - Balanço Orçamentário 6°Bimestre 2020","Anexo 01 - Balanço Orçamentário 6°Bimestre 2020","RREO-Anexo-01-Balanco-Orcamentario-6Bimestre-2020.pdf","9999",,,"0"
"373","239","Anexo 02 - Demonstrativo da execução das despesas por função 1°bimestre 2020","Anexo 02 - Demonstrativo da execução das despesas por função 1°bimestre 2020","RREO-Anexo-02-Demonstrativo-da-execucao-das-despesas-por-funcao-1bimestre-2020.pdf","9999",,,"0"
"374","239","Anexo 02 - Demonstrativo da execução das despesas por função 2°bimestre 2020","Anexo 02 - Demonstrativo da execução das despesas por função 2°bimestre 2020","RREO-Anexo-02-Demonstrativo-da-execucao-das-despesas-por-funcao-2bimestre-2020.pdf","9999",,,"0"
"375","239","Anexo 02 - Demonstrativo da execução das despesas por função 3°bimestre 2020","Anexo 02 - Demonstrativo da execução das despesas por função 3°bimestre 2020","RREO-Anexo-02-Demonstrativo-da-execucao-das-despesas-por-funcao-3bimestre-2020.pdf","9999",,,"0"
"376","239","Anexo 02 - Demonstrativo da execução das despesas por função 4°bimestre 2020","Anexo 02 - Demonstrativo da execução das despesas por função 4°bimestre 2020","RREO-Anexo-02-Demonstrativo-da-execucao-das-despesas-por-funcao-4bimestre-2020.pdf","9999",,,"0"
"377","239","Anexo 02 - Demonstrativo da execução das despesas por função 5°bimestre 2020","Anexo 02 - Demonstrativo da execução das despesas por função 5°bimestre 2020","RREO-Anexo-02-Demonstrativo-da-execucao-das-despesas-por-funcao-5bimestre-2020.pdf","9999",,,"0"
"378","239","Anexo 02 - Demonstrativo da execução das despesas por função 6°bimestre 2020","Anexo 02 - Demonstrativo da execução das despesas por função 6°bimestre 2020","RREO-Anexo-02-Demonstrativo-da-execucao-das-despesas-por-funcao-6bimestre-2020.pdf","9999",,,"0"
"379","239","Anexo 03 - Demonstrativo da Receita Corrente Líquida 1°Bimestre 2020","Anexo 03 - Demonstrativo da Receita Corrente Líquida 1°Bimestre 2020","RREO-Anexo-03-Demonstrativo-da-Receita-Corrente-Liquida-1Bimestre-2020.pdf","9999",,,"0"
"380","239","Anexo 03 - Demonstrativo da Receita Corrente Líquida 2°Bimestre 2020","Anexo 03 - Demonstrativo da Receita Corrente Líquida 2°Bimestre 2020","RREO-Anexo-03-Demonstrativo-da-Receita-Corrente-Liquida-2Bimestre-2020.pdf","9999",,,"0"
"381","239","Anexo 03 - Demonstrativo da Receita Corrente Líquida 3°Bimestre 2020","Anexo 03 - Demonstrativo da Receita Corrente Líquida 3°Bimestre 2020","RREO-Anexo-03-Demonstrativo-da-Receita-Corrente-Liquida-3Bimestre-2020.pdf","9999",,,"0"
"382","239","Anexo 03 - Demonstrativo da Receita Corrente Líquida 5°Bimestre 2020","Anexo 03 - Demonstrativo da Receita Corrente Líquida 5°Bimestre 2020","RREO-Anexo-03-Demonstrativo-da-Receita-Corrente-Liquida-5Bimestre-2020.pdf","9999",,,"0"
"383","239","Anexo 03 - Demonstrativo da Receita Corrente Líquida 4°Bimestre 2020","Anexo 03 - Demonstrativo da Receita Corrente Líquida 4°Bimestre 2020","RREO-Anexo-03-Demonstrativo-da-Receita-Corrente-Liquida-4Bimestre-2020.pdf","9999",,,"0"
"384","239","Anexo 03 - Demonstrativo da Receita Corrente Líquida 6°Bimestre 2020","Anexo 03 - Demonstrativo da Receita Corrente Líquida 6°Bimestre 2020","RREO-Anexo-03-Demonstrativo-da-Receita-Corrente-Liquida-6Bimestre-2020.pdf","9999",,,"0"
"385","240","Anexo 06 - Demonstrativo dos Resultados Primário e Nominal 1°Bimestre 2021","Anexo 06 - Demonstrativo dos Resultados Primário e Nominal 1°Bimestre 2021","RREO-Anexo-06-Demonstrativo-dos-Resultados-Primario-e-Nominal-1Bimestre-2021.pdf","9999",,,"0"
"386","240","Anexo 06 - Demonstrativo dos Resultados Primário e Nominal 2°Bimestre 2021","Anexo 06 - Demonstrativo dos Resultados Primário e Nominal 2°Bimestre 2021","RREO-Anexo-06-Demonstrativo-dos-Resultados-Primario-e-Nominal-2Bimestre-2021.pdf","9999",,,"0"
"387","240","Anexo 06 - Demonstrativo dos Resultados Primário e Nominal 3°Bimestre 2021","Anexo 06 - Demonstrativo dos Resultados Primário e Nominal 3°Bimestre 2021","RREO-Anexo-06-Demonstrativo-dos-Resultados-Primario-e-Nominal-3Bimestre-2021.pdf","9999",,,"0"
"388","240","Anexo 06 - Demonstrativo dos Resultados Primário e Nominal 4°Bimestre 2021","Anexo 06 - Demonstrativo dos Resultados Primário e Nominal 4°Bimestre 2021","RREO-Anexo-06-Demonstrativo-dos-Resultados-Primario-e-Nominal-4Bimestre-2021.pdf","9999",,,"0"
"389","240","Anexo 06 - Demonstrativo dos Resultados Primário e Nominal 5°Bimestre 2021","Anexo 06 - Demonstrativo dos Resultados Primário e Nominal 5°Bimestre 2021","RREO-Anexo-06-Demonstrativo-dos-Resultados-Primario-e-Nominal-5Bimestre-2021.pdf","9999",,,"0"
"390","240","Anexo 06 - Demonstrativo dos Resultados Primário e Nominal 6°Bimestre 2021","Anexo 06 - Demonstrativo dos Resultados Primário e Nominal 6°Bimestre 2021","RREO-Anexo-06-Demonstrativo-dos-Resultados-Primario-e-Nominal-6Bimestre-2021.pdf","9999",,,"0"
"391","240","Anexo 07 - Demonstrativo de restos à pagar 1°Bimestre 2021","Anexo 07 - Demonstrativo de restos à pagar 1°Bimestre 2021","RREO-Anexo-07-Demonstrativo-de-restos-a-pagar-1Bimestre-2021.pdf","9999",,,"0"
"392","240","Anexo 07 - Demonstrativo de restos à pagar 2°Bimestre 2021","Anexo 07 - Demonstrativo de restos à pagar 2°Bimestre 2021","RREO-Anexo-07-Demonstrativo-de-restos-a-pagar-2Bimestre-2021.pdf","9999",,,"0"
"393","240","Anexo 07 - Demonstrativo de restos à pagar 3°Bimestre 2021","Anexo 07 - Demonstrativo de restos à pagar 3°Bimestre 2021","RREO-Anexo-07-Demonstrativo-de-restos-a-pagar-3Bimestre-2021.pdf","9999",,,"0"
"394","240","Anexo 07 - Demonstrativo de restos à pagar 4°Bimestre 2021","Anexo 07 - Demonstrativo de restos à pagar 4°Bimestre 2021","RREO-Anexo-07-Demonstrativo-de-restos-a-pagar-4Bimestre-2021.pdf","9999",,,"0"
"395","240","Anexo 07 - Demonstrativo de restos à pagar 5°Bimestre 2021","Anexo 07 - Demonstrativo de restos à pagar 5°Bimestre 2021","RREO-Anexo-07-Demonstrativo-de-restos-a-pagar-5Bimestre-2021.pdf","9999",,,"0"
"396","240","Anexo 07 - Demonstrativo de restos à pagar 6°Bimestre 2021","Anexo 07 - Demonstrativo de restos à pagar 6°Bimestre 2021","RREO-Anexo-07-Demonstrativo-de-restos-a-pagar-6Bimestre-2021.pdf","9999",,,"0"
"407","239","Anexo 06 - Demonstrativo dos Resultados Primário e Nominal 1°Bimestre 2020","Anexo 06 - Demonstrativo dos Resultados Primário e Nominal 1°Bimestre 2020","RREO-Anexo-06-Demonstrativo-dos-Resultados-Primario-e-Nominal-1Bimestre-2020.pdf","9999",,,"0"
"408","239","Anexo 06 - Demonstrativo dos Resultados Primário e Nominal 2°Bimestre 2020","Anexo 06 - Demonstrativo dos Resultados Primário e Nominal 2°Bimestre 2020","RREO-Anexo-06-Demonstrativo-dos-Resultados-Primario-e-Nominal-2Bimestre-2020.pdf","9999",,,"0"
"409","239","Anexo 06 - Demonstrativo dos Resultados Primário e Nominal 3°Bimestre 2020","Anexo 06 - Demonstrativo dos Resultados Primário e Nominal 3°Bimestre 2020","RREO-Anexo-06-Demonstrativo-dos-Resultados-Primario-e-Nominal-3Bimestre-2020.pdf","9999",,,"0"
"410","239","Anexo 06 - Demonstrativo dos Resultados Primário e Nominal 4°Bimestre 2020","Anexo 06 - Demonstrativo dos Resultados Primário e Nominal 4°Bimestre 2020","RREO-Anexo-06-Demonstrativo-dos-Resultados-Primario-e-Nominal-4Bimestre-2020.pdf","9999",,,"0"
"411","239","Anexo 06 - Demonstrativo dos Resultados Primário e Nominal 6°Bimestre 2020","Anexo 06 - Demonstrativo dos Resultados Primário e Nominal 6°Bimestre 2020","RREO-Anexo-06-Demonstrativo-dos-Resultados-Primario-e-Nominal-6Bimestre-2020.pdf","9999",,,"0"
"412","239","Anexo 06 - Demonstrativo dos Resultados Primário e Nominal 5°Bimestre 2020","Anexo 06 - Demonstrativo dos Resultados Primário e Nominal 5°Bimestre 2020","RREO-Anexo-06-Demonstrativo-dos-Resultados-Primario-e-Nominal-5Bimestre-2020.pdf","9999",,,"0"
"413","239","Anexo 07 - Demonstrativo de Restos à pagar 1°Bimestre 2020","Anexo 07 - Demonstrativo de Restos à pagar 1°Bimestre 2020","RREO-Anexo-07-Demonstrativo-de-Restos-a-pagar-1Bimestre-2020.pdf","9999",,,"0"
"414","239","Anexo 07 - Demonstrativo de Restos à pagar 2°Bimestre 2020","Anexo 07 - Demonstrativo de Restos à pagar 2°Bimestre 2020","RREO-Anexo-07-Demonstrativo-de-Restos-a-pagar-2Bimestre-2020.pdf","9999",,,"0"
"415","239","Anexo 07 - Demonstrativo de Restos à pagar 3°Bimestre 2020","Anexo 07 - Demonstrativo de Restos à pagar 3°Bimestre 2020","RREO-Anexo-07-Demonstrativo-de-Restos-a-pagar-3Bimestre-2020.pdf","9999",,,"0"
"416","239","Anexo 07 - Demonstrativo de Restos à pagar 4°Bimestre 2020","Anexo 07 - Demonstrativo de Restos à pagar 4°Bimestre 2020","RREO-Anexo-07-Demonstrativo-de-Restos-a-pagar-4Bimestre-2020.pdf","9999",,,"0"
"417","239","Anexo 07 - Demonstrativo de Restos à pagar 5°Bimestre 2020","Anexo 07 - Demonstrativo de Restos à pagar 5°Bimestre 2020","RREO-Anexo-07-Demonstrativo-de-Restos-a-pagar-5Bimestre-2020.pdf","9999",,,"0"
"418","239","Anexo 07 - Demonstrativo de Restos à pagar 6°Bimestre 2020","Anexo 07 - Demonstrativo de Restos à pagar 6°Bimestre 2020","RREO-Anexo-07-Demonstrativo-de-Restos-a-pagar-6Bimestre-2020.pdf","9999",,,"0"
"419","241","Anexo 14 - Demonstrativo Simplificado do RREO 1°Bimestre 2022","Anexo 14 - Demonstrativo Simplificado do RREO 1°Bimestre 2022","RREO-Anexo-14-Demonstrativo-Simplificado-do-RREO-1Bimestre-2022.pdf","9999",,,"0"
"420","241","Anexo 14 - Demonstrativo Simplificado do RREO 2° Bimestre 2022","Anexo 14 - Demonstrativo Simplificado do RREO 2° Bimestre 2022","RREO-Anexo-14-Demonstrativo-Simplificado-do-RREO-2-Bimestre-2022.pdf","9999",,,"0"
"421","241","Anexo 14 - Demonstrativo Simplificado do RREO 3° Bimestre 2022","Anexo 14 - Demonstrativo Simplificado do RREO 3° Bimestre 2022","RREO-Anexo-14-Demonstrativo-Simplificado-do-RREO-3-Bimestre-2022.pdf","9999",,,"0"
"422","241","Anexo 14 - Demonstrativo Simplificado do RREO 4° Bimestre 2022","Anexo 14 - Demonstrativo Simplificado do RREO 4° Bimestre 2022","RREO-Anexo-14-Demonstratio-Simplificado-do-RREO-4Bimestre-2022.pdf","9999",,,"0"
"423","241","Anexo 14 - Demonstrativo Simplificado do RREO 5° Bimestre 2022","Anexo 14 - Demonstrativo Simplificado do RREO 5° Bimestre 2022","RREO-Anexo-14-Demonstratio-Simplificado-do-RREO-5Bimestre-2022.pdf","9999",,,"0"
"425","241","Anexo 06 - Demonstrativo dos Resultados Primário e Nominal 1°Bimestre 2022","Anexo 06 - Demonstrativo dos Resultados Primário e Nominal 1°Bimestre 2022","RREO-Anexo-06-Demonstrativo-dos-Resultados-Primario-e-Nominal-1Bimestre-2022.pdf","9999",,,"0"
"426","241","Anexo 06 - Demonstrativo dos Resultados Primário e Nominal 2°Bimestre 2022","Anexo 06 - Demonstrativo dos Resultados Primário e Nominal 2°Bimestre 2022","RREO-Anexo-06-Demonstrativo-dos-Resultados-Primario-e-Nominal-2Bimestre-2022.pdf","9999",,,"0"
"427","241","Anexo 06 - Demonstrativo dos Resultados Primário e Nominal 3°Bimestre 2022","Anexo 06 - Demonstrativo dos Resultados Primário e Nominal 3°Bimestre 2022","RREO-Anexo-06-Demonstrativo-dos-Resultados-Primario-e-Nominal-3Bimestre-2022.pdf","9999",,,"0"
"428","241","Anexo 06 - Demonstrativo dos Resultados Primário e Nominal 4°Bimestre 2022","Anexo 06 - Demonstrativo dos Resultados Primário e Nominal 4°Bimestre 2022","RREO-Anexo-06-Demonstrativo-dos-Resultados-Primario-e-Nominal-4Bimestre-2022.pdf","9999",,,"0"
"429","241","Anexo 06 - Demonstrativo dos Resultados Primário e Nominal 5°Bimestre 2022","Anexo 06 - Demonstrativo dos Resultados Primário e Nominal 5°Bimestre 2022","RREO-Anexo-06-Demonstrativo-dos-Resultados-Primario-e-Nominal-5Bimestre-2022.pdf","9999",,,"0"
"430","241","Anexo 07 - Demonstrativo de Restos à Pagar 1°Bimestre 2022","Anexo 07 - Demonstrativo de Restos à Pagar 1°Bimestre 2022","RREO-Anexo-07-Demonstrativo-de-Restos-a-Pagar-1Bimestre-2022.pdf","9999",,,"0"
"431","241","Anexo 07 - Demonstrativo de Restos à Pagar 2°Bimestre 2022","Anexo 07 - Demonstrativo de Restos à Pagar 2°Bimestre 2022","RREO-Anexo-07-Demonstrativo-de-Restos-a-Pagar-2Bimestre-2022.pdf","9999",,,"0"
"432","241","Anexo 07 - Demonstrativo de Restos à Pagar 3°Bimestre 2022","Anexo 07 - Demonstrativo de Restos à Pagar 3°Bimestre 2022","RREO-Anexo-07-Demonstrativo-de-Restos-a-Pagar-3Bimestre-2022.pdf","9999",,,"0"
"433","241","Anexo 07 - Demonstrativo de Restos à Pagar 4°Bimestre 2022","Anexo 07 - Demonstrativo de Restos à Pagar 4°Bimestre 2022","RREO-Anexo-07-Demonstrativo-de-Restos-a-Pagar-4Bimestre-2022.pdf","9999",,,"0"
"434","241","Anexo 07 - Demonstrativo de Restos à Pagar 5°Bimestre 2022","Anexo 07 - Demonstrativo de Restos à Pagar 5°Bimestre 2022","RREO-Anexo-07-Demonstrativo-de-Restos-a-Pagar-5Bimestre-2022.pdf","9999",,,"0"
"435","240","Anexo 14 - Demonstrativo Simplificado do RREO 1°Bimestre 2021","Anexo 14 - Demonstrativo Simplificado do RREO 1°Bimestre 2021","RREO-Anexo-14-Demonstrativo-Simplificado-do-RREO-1Bimestre-2021.pdf","9999",,,"0"
"436","240","Anexo 14 - Demonstrativo Simplificado do RREO 2°Bimestre 2021","Anexo 14 - Demonstrativo Simplificado do RREO 2°Bimestre 2021","RREO-Anexo-14-Demonstrativo-Simplificado-do-RREO-2Bimestre-2021.pdf","9999",,,"0"
"437","240","Anexo 14 - Demonstrativo Simplificado do RREO 3°Bimestre 2021","Anexo 14 - Demonstrativo Simplificado do RREO 3°Bimestre 2021","RREO-Anexo-14-Demonstrativo-Simplificado-do-RREO-3Bimestre-2021.pdf","9999",,,"0"
"438","240","Anexo 14 - Demonstrativo Simplificado do RREO 4°Bimestre 2021","Anexo 14 - Demonstrativo Simplificado do RREO 4°Bimestre 2021","RREO-Anexo-14-Demonstrativo-Simplificado-do-RREO-4Bimestre-2021.pdf","9999",,,"0"
"439","240","Anexo 14 - Demonstrativo Simplificado do RREO 5°Bimestre 2021","Anexo 14 - Demonstrativo Simplificado do RREO 5°Bimestre 2021","RREO-Anexo-14-Demonstrativo-Simplificado-do-RREO-5Bimestre-2021.pdf","9999",,,"0"
"441","240","Anexo 14 - Demonstrativo Simplificado do RREO 6°Bimestre 2021","Anexo 14 - Demonstrativo Simplificado do RREO 6°Bimestre 2021","RREO-Anexo-14-Demonstrativo-Simplificado-do-RREO-6Bimestre-2021.pdf","9999",,,"0"
"442","239","Anexo 14 - Demonstrativo Simplificado do RREO 1°Bimestre 2020","Anexo 14 - Demonstrativo Simplificado do RREO 1°Bimestre 2020","RREO-Anexo-14-Demonstrativo-Simplificado-do-RREO-1Bimestre-2020.pdf","9999",,,"0"
"443","239","Anexo 14 - Demonstrativo Simplificado do RREO 2°Bimestre 2020","Anexo 14 - Demonstrativo Simplificado do RREO 2°Bimestre 2020","RREO-Anexo-14-Demonstrativo-Simplificado-do-RREO-2Bimestre-2020.pdf","9999",,,"0"
"444","239","Anexo 14 - Demonstrativo Simplificado do RREO 3°Bimestre 2020","Anexo 14 - Demonstrativo Simplificado do RREO 3°Bimestre 2020","RREO-Anexo-14-Demonstrativo-Simplificado-do-RREO-3Bimestre-2020.pdf","9999",,,"0"
"445","239","Anexo 14 - Demonstrativo Simplificado do RREO 4°Bimestre 2020","Anexo 14 - Demonstrativo Simplificado do RREO 4°Bimestre 2020","RREO-Anexo-14-Demonstrativo-Simplificado-do-RREO-4Bimestre-2020.pdf","9999",,,"0"
"446","239","Anexo 14 - Demonstrativo Simplificado do RREO 5°Bimestre 2020","Anexo 14 - Demonstrativo Simplificado do RREO 5°Bimestre 2020","RREO-Anexo-14-Demonstrativo-Simplificado-do-RREO-5Bimestre-2020.pdf","9999",,,"0"
"447","239","Anexo 14 - Demonstrativo Simplificado do RREO 6°Bimestre 2020","Anexo 14 - Demonstrativo Simplificado do RREO 6°Bimestre 2020","RREO-Anexo-14-Demonstrativo-Simplificado-do-RREO-6Bimestre-2020.pdf","9999",,,"0"
"448","242","Balancete da Despesa Dez/2022","Balancete da Despesa Dez/2022","BALANCETE-DA-DESPESA-DO-MES-DE-DEZEMBRO-DE-2022-ORGAO-02.pdf","9987",,,"0"
"449","222","Balancete da Receita Dez/2022","Balancete da Receita Dez/2022","BALANCETE-DA-RECEITA-ORCAMENTARIA-DO-MES-DE-DEZEMBRO-DE-2022-ORGAO-02.pdf","9987",,,"0"
"450","227","DUODÉCIMO DEZ-2022","DUODÉCIMO DEZ-2022","12-DUODECIMO-PERIODO-DE-01122022-A-31122022.pdf","898",,,"0"
"451","236","Anexo 01 - Demonstrativo da Despesa com Pessoal  2° semestre  2022","Anexo 01 - Demonstrativo da Despesa com Pessoal  2° semestre  2022","RGF-Anexo-01-Demonstrativo-da-Despesa-com-Pessoal-2semestre-2022.pdf","9999",,,"0"
"452","236","Anexo 02 -  Demonstrativo da divida consolidada líquida 2° semestre 2022","Anexo 02 -  Demonstrativo da divida consolidada líquida 2° semestre 2022","RGF-Anexo-02-Demonstrativo-da-divida-consolidada-liquida-2-semestre-2022.pdf","9999",,,"0"
"453","236","Anexo 03 - Demonstrativo Garantias Concedidas e Contragarantias Recebidas - 2° semestre  2022","Anexo 03 - Demonstrativo Garantias Concedidas e Contragarantias Recebidas - 3° semestre  2022","RGF-Anexo-03-Demonstrativo-Garantias-Concedidas-e-Contragarantias-Recebidas-2-semestre-2022.pdf","9999",,,"0"
"454","236","Anexo 04 -  Demonstrativo das operações de crédito 2° semestre  2022","Anexo 04 -  Demonstrativo das operações de crédito 2° semestre  2022","RGF-Anexo-04-Demonstrativo-das-operacoes-de-credito-2-semestre-2022.pdf","9999",,,"0"
"455","236","Anexo 05 -  Demonstrativo da disponibilidade de caixa e dos restos a pagar 2° semestre 2022","Anexo 05 -  Demonstrativo da disponibilidade de caixa e dos restos a pagar 2° semestre 2022","RGF-Anexo-05-Desmonstrativo-da-disponibilidade-de-caixa-e-dos-restos-a-pagar-2o-semestre-2022.pdf","9999",,,"0"
"456","236","Anexo 06 -  Demonstrativo Simplificado do relatório de gestão fiscal 2° semestre 2022","Anexo 06 -  Demonstrativo Simplificado do relatório de gestão fiscal 2° semestre 2022","RGF-Anexo-06-Demonstrativo-simplificado-do-relatorio-de-gestao-fiscal-2-semestre-2022.pdf","9999",,,"0"
"457","241","Anexo 01 - Balanço Orçamentário 6°Bimestre 2022","Anexo 01 - Balanço Orçamentário 6°Bimestre 2022","RREO-Anexo-01-Balanco-Orcamentario-6Bimestre-2022.pdf","9999",,,"0"
"458","241","Anexo 02 - Demonstrativo da execução das despesas por função 6°bimestre 2022","Anexo 02 - Demonstrativo da execução das despesas por função 6°bimestre 2022","RREO-Anexo-02-Demonstrativo-da-execucao-das-despesas-por-funcao-6bimestre-2022.pdf","9999",,,"0"
"459","241","Anexo 03 - Demonstrativo da Receita Corrente Líquida 6°Bimestre 2022","Anexo 03 - Demonstrativo da Receita Corrente Líquida 6°Bimestre 2022","RREO-Anexo-03-Demonstrativo-da-Receita-Corrente-Liquida-6Bimestre-2022.pdf","9999",,,"0"
"460","241","Anexo 06 - Demonstrativo dos Resultados Primário e Nominal 6°Bimestre 2022","Anexo 06 - Demonstrativo dos Resultados Primário e Nominal 6°Bimestre 2022","RREO-Anexo-06-Demonstrativo-dos-Resultados-Primario-e-Nominal-6Bimestre-2022.pdf","9999",,,"0"
"461","241","Anexo 07 - Demonstrativo de Restos à Pagar 6°Bimestre 2022","Anexo 07 - Demonstrativo de Restos à Pagar 6°Bimestre 2022","RREO-Anexo-07-Demonstrativo-de-Restos-a-Pagar-6Bimestre-2022.pdf","9999",,,"0"
"462","241","Anexo 14 - Demonstrativo Simplificado do RREO 6° Bimestre 2022","Anexo 14 - Demonstrativo Simplificado do RREO 6° Bimestre 2022","RREO-Anexo-14-Demonstrativo-Simplificado-do-RREO-6-Bimestre-2022.pdf","9999",,,"0"
"463","274","EDITAL DE ABEETURA CONSELHO TUTELAR","","ApendiceIVMinutadeEditaldeaberturadeprocessodeescolha.pdf","9998",,,"0"
"464","274","FICHA DE INSCRIÇÃO PARA CANDIDATURA A CONSELHEIRO TUTELAR","","FICHA-DE-INCRICAO-CONSELHO-TUTELAR-FRONTEIRAMG.pdf","9998",,,"0"
"465","274","TORIO DE MUNICIPIO QUE ADERIRAM AO EMPRESTIMO DE URNAS ELETRONICAS PARA AS ELEIÇÕES DOS MEMBROS DOS CONSELHOS TUTELARES DO ESTADO DE MINAS GERAIS","","RELATORIO-DE-MUNICIPIO-QUE-ADERIRAM-AO-EMPRESTIMO-DE-URNAS-ELETRONICAS-PARA-AS-ELEICOES-DOS-MEMBROS-DOS-CONSELHOS-TUTELARES-NO-ESTADO-DE-MINAS-GERAIS.pdf","9998",,,"0"
"466","274","CRONOGRAMA PARA O PROCESSO UNIFICADO","","CRONOGRAMA-PARA-O-PROCESSO-UNIFICADO-DE-ESCOLHA-DOS-MEMBROS-DO-CONSELHO-TUTELAR.pdf","9998",,,"0"
"467","274","PLANILHA DE MUNICÍPIOS","","PLANILHA-MUNICIPIOS.pdf","9998",,,"0"
"468","274","CALENDÁRIO","","CALENDARIO.pdf","9998",,,"0"
"469","274","RELAÇÃO DOS CANDIDATOS INSCRITOS E ABERTURA DE PRAZO PARA IMPUGNAÇÕES","","RELACAO-DOS-CANDIDATOS-INSCRITOS-E-ABERTURA-DE-PRAZO-PARA-MPUGNACOES.pdf","9998",,,"0"
"470","274","RESOLUÇÃO Nº 09","","RESOLUCAO-No-09.pdf","9998",,,"0"
"472","274","ATO RECISÓRIO","","ATO-DECISORIO-CMDCA-publicar.pdf","9998",,,"0"
"473","274","INSTITUIÇÕES RELIGIOSAS","","INSTITUICOES-RELIGIOSAS-CMDCA.pdf","9998",,,"0"
"474","274","COMUNICADO","","COMUNICADO.pdf","9998",,,"0"
"475","274","RESULTADO FINAL DOS CANDIDATOS APTOS","","RESULTADO-FINAL-DOS-CANDIADATOS-APTSO-ITEM-712-1.pdf","9998",,,"0"
"476","274","LOCAL DE PROVAS CONSELHO TUTELAR","","COMUNICADO-local-de-provas-conselho-tutelar.pdf","9998",,,"0"
"477","274","CONDUTAS VEDADAS CANDIDATOS","","RESOLUCAO-No10-CONDUTAS-VEDADS-AOS-CANDIDATOS-CT-1.pdf","9998",,,"0"
"478","274","CONVOCAÇÃO EXCEPCIONAL","","CONVOCACAO-EXCEPCIONAL-PROVAS-CT.pdf","9998",,,"0"
"479","274","ADITIVO AO EDITAL","","aditivo-ao-edital.pdf","9998",,,"0"
"480","274","RETIFICAÇÃO EDITAL","","Retificacao-No-02-do-Edital-012023-Item-712.pdf","9998",,,"0"
"481","274","GABARITO DA PROVA - CONSELHO TUTELAR","","GABARITO-DA-PROVA-RESULTADO.pdf","9998",,,"0"
"482","274","RESULTADO FINAL PROVA DOS CANDIDATOS","","RESULTADO-FINAL-PROVA-CANDIDATOS.pdf","9998",,,"0"
"483","274","DADOS ESSENCIAIS A CANDIDATURA","","DADOS-ESSENCIAIS-A-CANDIDATURA-1.docx","9998",,,"0"
"484","274","CARTA DE CREDENCIAMENTO","","Carta-de-Credenciamento.pdf","9998",,,"0"
"485","274","ESCOLA MARECHAL CASTELO BRANCO","","Escola-Marechal-Castelo-Branco-2.pdf","9998",,,"0"
"486","274","ESCOLA POLIANA ZIZA FERREIRA","","Escola-Poliana-Ziza-Ferreira-3.pdf","9998",,,"0"
"487","274","RETIFICAÇÃO E ANULAÇÃO","","Retificacao-e-Anulacao-ATO-DECISORIO-No-02-RESOLUCAO-032023-IteM-13-e-14.pdf","9998",,,"0"
"488","274","RESOLUÇÃO","","RESOLUCAO-03-REC-ADM-MPMG-12-2023.pdf","9998",,,"0"
"489","274","RESOLUÇÃO Nº 17","","Resolucao-no17.pdf","9998",,,"0"
"490","274","COMUNICADO TREMG","","COMUNICADO-TREMG.pdf","9998",,,"0"
"491","274","CONVOCAÇÃO AVALIAÇÃO PSICOLOGICA","","CONVOCACAO-AVALIACAO-PSICOLOGICA.pdf","9998",,,"0"
"492","274","EDITAL 02","","EDITAL-02.pdf","9998",,,"0"
"493","274","NORMAS DA CAMPANHA ELEITORAL","","NORMAS-DA-CAMPANHA-ELEITORAL-1.pdf","9998",,,"0"
"494","274","LISTA FINAL DOS CANDIDATOS APTOS","","LISTA-FINAL-DOS-CANDIDATOS-APTOS-AO-PLEITO.pdf","9998",,,"0"
"495","274","AVALIAÇÃO PSICOLOGICA","","APTOS-AVALIACAO-PSICOLOGICA-final.pdf","9998",,,"0"
"496","274","","","Termo-de-Cessao-Assinado0001.pdf","9999",,,"0"
"497","274","TERMO DE COMPROMISSO","","TERMO-DE-COMPROMISSO.pdf","9998",,,"0"
"498","274","COMISSÃO ESPECIAL PROCESSO DE ESCOLHA","","COMISSAO-ESPECIAL-PROCESSO-DE-ESCOLHA.pdf","9998",,,"0"
"499","216","VTN 2023","VTN 2023","VTN-2023-1.pdf","9998",,,"0"
"500","274","DEFINIÇÃO MESÁRIOS","","EDITAL-NUMERO-03-DEFINICAO-DE-MESARIOS-PRESIDENTES-Fiscais-e-Candidatos.pdf","9998",,,"0"
"501","274","DISCIPLINA FISCAIS","","RESOLUCAO-n-26-DISCIPLINA-FISCAIS-NO-DIA-DA-VOTACAO.pdf","9998",,,"0"
"503","274","ATA DE APURAÇÃO DO PROCESSO DE ESCOLHA DOS MEMBROS DO CONSELHO TUTELAR DO MUNICÍPIO DE FRONTEIRA/MG","ATA DE APURAÇÃO DO PROCESSO DE ESCOLHA DOS MEMBROS DO CONSELHO TUTELAR DO MUNICÍPIO DE FRONTEIRA/MG","ATA-DE-APURACAO-CONSELHO-TUTELAR-FRONTEI-3.pdf","9997",,,"0"
"504","274",,,"CONVOCACAO-DE-REUNIAO-EXTRAORDINARIA-PARA-OITIVAS.pdf","9999",,,"0"
"505","274","PUBLICAÇÃO DO RESULTADO DA VOTAÇÃO","","PUBLICACAO-DO-RESULTADO-DA-VOTACAO.pdf","9998",,,"0"
"506","274",,,"IMPUGNACAO.pdf","9999",,,"0"
"511","275","","","AUDIOVISUAL-FRONTEIRA-PUBLICACOES1.pdf","9999",,,"0"
"512","275","","","DEMAIS-AREAS-FRONTEIRA-PUBLICACOES1.pdf","9999",,,"0"
"514","275",,,"EDITAL-DE-RETIFICACAO-012023-AUDIOVISUAL-11122023.pdf","9999",,,"0"
"515","275",,,"EDITAL-DE-RETIFICACAO-022023-DEMAIS-AREAS-11122023.pdf","9999",,,"0"
"516","275","","","EDITAL-RESULTADO-PROVISORIO.pdf","9998",,,"0"
"517","275","","","EDITAL-DE-RETIFICACAO-E-REMANEJAMENTO-AUDIOVISUAL-221223.pdf","9996",,,"0"
"518","275","","","EDITAL-DE-RETIFICACAO-E-REMANEJAMENTO-022023-DEMAIS-AREAS-221223.pdf","9997",,,"0"
"519","275","","","EDITAL-DE-PUBLICACAO-FINAL-E-HOMOLOGACAO-DOS-PROJETOS-SELECIONADOS-DEMAIS-AREAS-LC-1952022-LPG-26122023.pdf","9994",,,"0"
"520","275","","","EDITAL-DE-PUBLICACAO-FINAL-E-HOMOLOGACAO-DOS-PROJETOS-SELECIONADOS-AUDIO-VISUAL-LC-1952022-LPG-26122023.pdf","9995",,,"0"
"521","275","","","EXTRATO-TERMO-DE-EXECUCAO-CULTURAL-AUDIOVISUAL.pdf","9992",,,"0"
"522","275","","","EXTRATO-TERMO-DE-EXECUCAO-CULTURAL-DEMAIS-AREAS.pdf","9993",,,"0"
"523","274","","","CALENDARIO-CMDCA-1.pdf","9995",,,"0"
"525","274","","","CONVITE-POSSE-E-DIPLOMACAO-Conselho-Tutelar.jpg","9996",,,"0"
"526","274","","","TERMO-DE-POSSE.pdf","9993",,,"0"
"527","274","","","RESOLUCAO-032-2023.pdf","9994",,,"0"
"528","276","","","CONVITE-REUNIAO-02-DE-MAIO.pdf","2",,,"0"
"529","276","","","EDITAL-No-001-2024.pdf","1",,,"0"
"532","277","","","1o-BIMESTRE-2023-RREO-declaracao.pdf","1",,,"0"
"533","277","","","2o-BIMESTRE-2023-RREO-declaracao.pdf","2",,,"0"
"534","277","","","3o-BIMESTRE-2023-RREO-declaracao.pdf","3",,,"0"
"535","277","","","4-o-BIMESTRE-2023-RREO-declaracao.pdf","4",,,"0"
"536","277","","","5o-BIMESTRE-2023-RREOdeclaracao.pdf","5",,,"0"
"537","277","","","6o-BIMESTRE-2023-RREO-declaracao.pdf","6",,,"0"
"538","278","","","1o-BIMESTRE-DE-2024-RREO-declaracao.pdf","1",,,"0"
"545","281","","","Anexo-XII-Fronteira.pdf","1",,,"0"
"548","280","","","DECLARACAO-DE-PUBLICACAO-DO-RREO-1.pdf","1",,,"0"
"549","274","EDITAL PROCESSO DE ESCOLHA PARA MEMBROS REPRESENTANTES DE ENTIDADES E DA SOCIEDADE CIVIL NO CONSELHO MUNICIPAL DOS DIREITOS DA CRIANÇA E DO ADOLESCENTE - GESTÃO 2024/2026","EDITAL Nº 001/2024","EDITAL-PROCESSO-DE-ESCOLHA-PARA-MEMBROS-REPRESENTANTES.pdf","9992",,,"0"
"550","216","VTN 2024","VTN 2024","Oficio-VTN-2024-assinado.pdf","9997",,,"0"
"551","285","DECRETO Nº7430","Este decreto isntitui a comissão de seleção da Lei Aldir Blanc","DECRETO-N-7430-INSTITUI-A-COMISSAO-DE-SELECAO-DA-LEI-ALDIR-BLANC-COM-A-FINALIDADE-DE-DEFINIR-PAR.pdf","9999",,,"0"
"552","285","Plano Anual de Aplicação dos Recursos","","TYFA0386MG-MUNICIPIO-DE-FRONTEIRA.pdf","9998",,,"0"
"554","292","","","LEI-No-1974-DE-14-DE-OUTUBRO-DE-2021.pdf","1",,,"0"
"556","292","","","LEI-No-1974-ANEXOS-PPA.pdf","2",,,"0"
"559","260","","","LEI-No-1972-DE-15-DE-SETEMRO-DE-2021.pdf","1",,,"0"
"560","260","","","LEI-No-1972-ANEXOS-LDO.pdf","2",,,"0"
"566","287","","","LEI-N-2067-DE-02-DE-OUTUBRO-DE-2023-DISPOE-SOBRE-AS-DIRETRIZES-PARA-ELABORACAO-E-EXECUCAO-DA-LEI.pdf","1",,,"0"
"567","287","","","LEI-N-267-ANEXO-LDO0001.pdf","2",,,"0"
"568","286","","","LDO-LEI-2020-DE-14-DE-SETEMBRO-DE-2022-DIRETIZES-ELABORACAO-EXECUCAO-LEI-ORCAMENTARIA-EXERCICIO-2023.pdf","1",,,"0"
"569","303","","","LEI-1924-DE-10-09-2020-DISPOE-SOBRE-AS-DIRETRIZES-PARA-ELABORACAO-E-EXECUCAO-DA-LEI-ORCAMENTARIA-.pdf","1",,,"0"
"570","303","","","LEI-N-1924-ANEXOS-LDO0001.pdf","2",,,"0"
"572","288","","","LEI-2045-DE-20-DE-DEZEMBRO-DE-2022-ESTIMA-RECEITA-E-FIXA-DESPESA-MUNICIPIO-PARA-EXERCICIO-20230.pdf","1",,,"0"
"573","257","","","LEI-No-1986-DE-15-DE-DEZEMBRO-DE-2021_(71).pdf","1",,,"0"
"574","257","","","LEI-No-1986-ANEXOS-LOA_(711).pdf","2",,,"0"
"576","290",,,"LEI-No-2074-DE-14-DE-DEZEMBRO-DE-2023-ESTIMA-A-RECEITA-E-FIXA-A-DESPESA-DO-MUNICIPIO-DE-FRONTEIRA-PARA-O-EXERCICIO-DE-2024-LOA.pdf","9999",,,"0"
"578","278","2º BIMESTRE DE 2024 RREO","","SICONFIRREOSimplificado5301BIMESTRAL2.pdf","2",,,"0"
"579","278","3º BIMESTRE DE 2024 RREO","","SICONFIRREOSimplificado5301BIMESTRAL3.pdf","3",,,"0"
"580","297","","","repasse-duodecimo-janeiro-2023.pdf","1",,,"0"
"581","297","","","repasse-duodecimo-fevereiro-2023.pdf","2",,,"0"
"582","297","","","repasse-duodecimo-marco-2023.pdf","3",,,"0"
"583","297","","","repasse-duodecimo-abril-2023.pdf","4",,,"0"
"584","297","","","repasse-duodecimo-maio-2023.pdf","5",,,"0"
"585","297","","","repasse-duodecimo-junho-2023.pdf","6",,,"0"
"586","297","","","repasse-duodecimo-julho-2023.pdf","7",,,"0"
"587","297","","","repasse-duodecimo-agosto-2023.pdf","8",,,"0"
"588","297","","","repasse-duodecimo-setembro-2023.pdf","9",,,"0"
"589","297","","","repasse-duodecimo-outubro-2023.pdf","10",,,"0"
"590","297","","","repasse-duodecimo-novembro-2023.pdf","11",,,"0"
"591","297","","","repasse-duodecimo-dezembro-2023.pdf","12",,,"0"
"592","298","","","repasse-duodecimo-janeiro-2024.pdf","1",,,"0"
"593","298","","","repasse-duodecimo-fevereiro-2024.pdf","2",,,"0"
"594","298","","","repasse-duodecimo-marco-2024.pdf","3",,,"0"
"595","298","","","repasse-duodecimo-abril-2024.pdf","4",,,"0"
"596","298","","","repasse-duodecimo-maio-2024.pdf","5",,,"0"
"597","298","","","repasse-duodecimo-junho-2024.pdf","6",,,"0"
"598","298","","","repasse-duodecimo-julho-2024.pdf","7",,,"0"
"599","298","","","repasse-duodecimo-agosto-2024.pdf","8",,,"0"
"600","243",,,"BALANCO-FINANCEIRO-2022.pdf","9999",,,"0"
"601","243",,,"BALANCO-ORCAMENTARIO-2022.pdf","9999",,,"0"
"602","243",,,"BALANCO-PATRIMONIAL-2022.pdf","9999",,,"0"
"603","299",,,"BALANCO-FINANCEIRO-2023.pdf","9999",,,"0"
"604","299",,,"BALANCO-ORCAMENTARIO-2023.pdf","9999",,,"0"
"605","299",,,"BALANCO-PATRIMONIAL-2023.pdf","9999",,,"0"
"607","285","","","ANEXO-VII-DECLARACAO-ETNICO-RACIAL.docx","9995",,,"0"
"608","285","","","ANEXO-V-RELATORIO-DE-OBJETO-DE-EXECUCAO-CULTURAL.docx","9993",,,"0"
"609","285","","","ANEXO-IX-FORMULARIO-DE-INTERPOSICAO-DE-RECURSO.docx","9997",,,"0"
"610","285","","","ANEXO-I-CATEGORIAS-DE-APOIO.docx","9989",,,"0"
"611","285","","","ANEXO-VIII-DECLARACAO-PCD.docx","9996",,,"0"
"612","285","","","ANEXO-VI-DECLARACAO-DE-REPRESENTACAO-DE-GRUPO-OU-COLETIVO.docx","9994",,,"0"
"613","285","","","ANEXO-II-FORMULARIO-DE-INSCRICAO-PLANO-DE-TRABALHO.docx","9990",,,"0"
"614","285","","","1EDITAL-FOMENTO-A-EXECUCAO-DE-ACOES-CULTURAIS-PNAB.docx","9988",,,"0"
"615","285","","","ANEXO-IV-TERMO-DE-EXECUCAO-CULTURAL.docx","9992",,,"0"
"616","285","","","ANEXO-III-CRITERIOS-DE-SELECAO.docx","9991",,,"0"
"619","275","ATA DE REUNIAO EXTRAORDINARIA 26/06/2024","","ATA-DE-REUNIAO-EXTRAORDINARIA-PRORROGACAO-DE-PRAZO-ITEM-13-ANEXO-IV.docx","9991",,,"0"
"620","275",,,"DECRETO-No-7066-DE-01-DE-NOVEMBRO-DE-2023-1.pdf","9999",,,"0"
"621","275",,,"DECRETO-No-7140-DE-14-DE-DEZEMBRO-DE-2023-ASSINADO-1.pdf","9999",,,"0"
"622","285","","","EDITAL-No-01-2024-Chamamento-publico-RESULTADO-PROVISORIO.pdf","9987",,,"0"
"623","285","","","ATA-DE-REUNIAO-ORDINARIA-COMISSAO-COMISSAO-DE-SELACAO-DA-LEI-ALDIR-BLANC-210824.docx","9986",,,"0"
"624","285","","","ATA-DE-REUNIAO-ORDINARIA-COMISSAO-COMISSAO-DE-SELACAO-DA-LEI-ALDIR-BLANC-09122024.docx","9985",,,"0"
"625","285","","","EDITAL-No-01-2024-Chamamento-publico-RESULTADO-DEFINITIVO.pdf","9996",,,"0"
"626","285","","","EDITAL-No-01-2024-Chamamento-publico-RESULTADO-DEFINITIVO_(76).pdf","9984",,,"0"
"628","285","","","Extrato-Termo-de-execucao-cultural.pdf","9983",,,"0"
"629","317",,,"EDITAL-DE-CONVOCACAO-DE-ELEICAO-CAE-2025-ASSINADO.pdf","9999",,,"0"
"630","311","Calendário letivo 2025","Calendário 2025","CALENDARIO-2025.pdf","9999",,,"0"
"631","316","Resolução de Matrículas de creches","Resolução para o ano de 2025 para o atendimento nos CMEIs e Pré escolas do município de Fronteira","RESOLUCAO-DE-MATRICULAS-INFANTIL-2025-FRONTEIRA1.pdf","1",,,"0"
"632","316","Lista de crianças atendidas CMEIs - 2025","Lista de crianças atendidas CMEIs 2025","LISTA-DE-CRIANCAS-ATENDIDAS-CMEIs-2025.xlsx","2",,,"0"
"633","316","Decreto Nº 7.628 - Regulamenta a Lei Federal Nº15.100, de 13 de janeiro de 2025.","Decreto Nº 7.628 - Regulamenta a Lei Federal Nº15.100, de 13 de janeiro de 2025.","DECRETO-No-7628-REGULAMENTA-A-LEI-FEDERAL-No-15100-DE-13-DE-JANEIRO-DE-20250001.pdf","3",,,"0"
"634","298","","","repasse-duodecimo-setembro-2024.pdf","9",,,"0"
"635","298","","","repasse-duodecimo-outubro-2024.pdf","10",,,"0"
"636","298","","","repasse-duodecimo-novembro-2024.pdf","11",,,"0"
"637","298","","","repasse-duodecimo-dezembro-2024.pdf","12",,,"0"
"639","229","DUODÉCIMO NOV-2020","DUODÉCIMO NOV-2020","repasse-duodecimo-novembro-2020.pdf","8887",,,"0"
"640","229","DUODÉCIMO DEZ-2020","DUODÉCIMO DEZ-2020","repasse-duodecimo-dezembro-2020.pdf","8886",,,"0"
"641","230","DOUDÉCIMO JAN-2019","DOUDÉCIMO JAN-2019","repasse-duodecimo-janeiro-2019.pdf","1",,,"0"
"642","230","DOUDÉCIMO FEV-2019","DOUDÉCIMO FEV-2019","repasse-duodecimo-fevereiro-2019.pdf","2",,,"0"
"643","230","DOUDÉCIMO MAR-2019","DOUDÉCIMO MAR-2019","repasse-duodecimo-marco-2019.pdf","3",,,"0"
"644","230","DOUDÉCIMO ABR-2019","DOUDÉCIMO ABR-2019","repasse-duodecimo-abril-2019.pdf","4",,,"0"
"645","230","DOUDÉCIMO MAI-2019","DOUDÉCIMO MAI-2019","repasse-duodecimo-maio-2019.pdf","5",,,"0"
"646","230","DOUDÉCIMO JUN-2019","DOUDÉCIMO JUN-2019","repasse-duodecimo-junho-2019.pdf","6",,,"0"
"647","230","DOUDÉCIMO JUL-2019","DOUDÉCIMO JUL-2019","repasse-duodecimo-julho-2019.pdf","7",,,"0"
"648","230","DOUDÉCIMO AGO-2019","DOUDÉCIMO AGO-2019","repasse-duodecimo-agosto-2019.pdf","8",,,"0"
"649","230","DOUDÉCIMO SET-2019","DOUDÉCIMO SET-2019","repasse-duodecimo-setembro-2019.pdf","9",,,"0"
"650","230","DOUDÉCIMO OUT-2019","DOUDÉCIMO OUT-2019","repasse-duodecimo-outubro-2019.pdf","10",,,"0"
"651","230","DOUDÉCIMO NOV-2019","DOUDÉCIMO NOV-2019","repasse-duodecimo-novembro-2019.pdf","11",,,"0"
"652","230","DOUDÉCIMO DEZ-2019","DOUDÉCIMO DEZ-2019","repasse-duodecimo-dezembro-2019.pdf","12",,,"0"
"653","305","RGF 1º SEMESTRE-2024","RGF 1º SEMESTRE-2024","SICONFIRGFSimplificado5301SEMESTRAL1.pdf","1",,,"0"
"654","305","RGF 2º SEMESTRE-2024","RGF 2º SEMESTRE-2024","SICONFIRGFSimplificado5301SEMESTRAL2.pdf","2",,,"0"
"655","278","4º BIMESTRE DE 2024 RREO","4º BIMESTRE DE 2024 RREO","SICONFIRREOSimplificado5301BIMESTRAL4.pdf","4",,,"0"
"656","278","5º BIMESTRE DE 2024 RREO","5º BIMESTRE DE 2024 RREO","SICONFIRREOSimplificado5301BIMESTRAL5.pdf","5",,,"0"
"658","278","6º BIMESTRE DE 2024 RREO","6º BIMESTRE DE 2024 RREO","SICONFIRREOSimplificado5301BIMESTRAL6.pdf","6",,,"0"
"659","281","ANEXO III 1º BIMESTRE-2024","ANEXO III 1º BIMESTRE-2024","ANEXO-III-2024-1-BIMESTRE.pdf","2",,,"0"
"660","281","ANEXO III 2º BIMESTRE-2024","ANEXO III 2º BIMESTRE-2024","ANEXO-III-2024-2-BIMESTRE.pdf","3",,,"0"
"661","281","ANEXO III 3º BIMESTRE-2024","ANEXO III 3º BIMESTRE-2024","ANEXO-III-2024-3-BIMESTRE.pdf","4",,,"0"
"662","281","ANEXO III 4º BIMESTRE-2024","ANEXO III 4º BIMESTRE-2024","ANEXO-III-2024-4-BIMESTRE.pdf","5",,,"0"
"663","281","ANEXO III 5º BIMESTRE-2024","ANEXO III 5º BIMESTRE-2024","ANEXO-III-2024-5-BIMESTRE.pdf","6",,,"0"
"664","281","ANEXO III 6º BIMESTRE-2024","ANEXO III 6º BIMESTRE-2024","ANEXO-III-2024-6-BIMESTRE.pdf","7",,,"0"
"665","281","ANEXO IV 1º BIMESTRE-2024","ANEXO IV 1º BIMESTRE-2024","ANEXO-IV-2024-1-BIMESTRE.pdf","8",,,"0"
"666","281","ANEXO IV 2º BIMESTRE-2024","ANEXO IV 2º BIMESTRE-2024","ANEXO-IV-2024-2-BIMESTRE.pdf","9",,,"0"
"667","281","ANEXO IV 3º BIMESTRE-2024","ANEXO IV 3º BIMESTRE-2024","ANEXO-IV-2024-3-BIMESTRE.pdf","10",,,"0"
"668","281","ANEXO IV 4º BIMESTRE-2024","ANEXO IV 4º BIMESTRE-2024","ANEXO-IV-2024-4-BIMESTRE.pdf","11",,,"0"
"669","281","ANEXO IV 5º BIMESTRE-2024","ANEXO IV 5º BIMESTRE-2024","ANEXO-IV-2024-5-BIMESTRE.pdf","12",,,"0"
"670","281","ANEXO IV 6º BIMESTRE-2024","ANEXO IV 6º BIMESTRE-2024","ANEXO-IV-2024-6-BIMESTRE.pdf","13",,,"0"
"671","281","ANEXO VIII 1º BIMESTRE-2024","ANEXO VIII 1º BIMESTRE-2024","ANEXO-VIII-2024-1-BIMESTRE.pdf","14",,,"0"
"672","281","ANEXO VIII 2º BIMESTRE-2024","ANEXO VIII 1º BIMESTRE-2024","ANEXO-VIII-2024-2-BIMESTRE.pdf","15",,,"0"
"673","281","ANEXO VIII 3º BIMESTRE-2024","ANEXO VIII 3º BIMESTRE-2024","ANEXO-VIII-2024-3-BIMESTRE.pdf","16",,,"0"
"674","281","ANEXO VIII 4º BIMESTRE-2024","ANEXO VIII 4º BIMESTRE-2024","ANEXO-VIII-2024-4-BIMESTRE.pdf","17",,,"0"
"675","281","ANEXO VIII 5º BIMESTRE-2024","ANEXO VIII 5º BIMESTRE-2024","ANEXO-VIII-2024-5-BIMESTRE.pdf","18",,,"0"
"676","281","ANEXO VIII 6º BIMESTRE-2024","ANEXO VIII 6º BIMESTRE-2024","ANEXO-VIII-2024-6-BIMESTRE.pdf","19",,,"0"
"677","300","BALANÇO FINANCEIRO-2024","BALANÇO FINANCEIRO-2024","BALANCO-FINANCEIRO-2024-ANUAL.pdf","1",,,"0"
"678","300","BALANÇO ORÇAMENTARIO-2024","BALANÇO ORÇAMENTARIO-2024","BALANCO-ORCAMENTARIO-2024-DEZEMBRO.pdf","2",,,"0"
"679","300","BALANÇO PATRIMONIAL-2024","BALANÇO PATRIMONIAL-2024","BALANCO-PATRIMONIAL-2024-ANUAL.pdf","3",,,"0"
"680","300","DEMOSTRATIVO DAS VARIAÇÕES PATRIMONIAIS 2024","DEMOSTRATIVO DAS VARIAÇÕES PATRIMONIAIS 2024","DEMOSNTRACAO-DAS-VARIACOES-PATRIMONIAIS-2024-ANUAL.pdf","4",,,"0"
"681","281","DEMOSTRATIVO DOS GASTOS COM PESSOAL 1º SEMESTRE-2024","DEMOSTRATIVO DOS GASTOS COM PESSOAL 1º SEMESTRE-2024","1-SEMESTRE-2024-DEMONSTRATIVO-DOS-GASTOS-COM-PESSOAL.pdf","20",,,"0"
"682","281","DEMOSTRATIVO DOS GASTOS COM PESSOAL 2º SEMESTRE-2024","DEMOSTRATIVO DOS GASTOS COM PESSOAL 2º SEMESTRE-2024","2-SEMESTRE-2024-DEMONSTRATIVO-DOS-GASTOS-COM-PESSOAL.pdf","21",,,"0"
"683","294","BALANCETE DA DESPESA JAN-2024","BALANCETE DA DESPESA JAN-2024","BALANCETE-DA-DESPESA-JAN-2024.pdf","1",,,"0"
"684","294","BALANCETE DA DESPESA FEV-2024","BALANCETE DA DESPESA FEV-2024","BALANCETE-DA-DESPESA-FEV-2024.pdf","2",,,"0"
"685","294","BALANCETE DA DESPESA MAR-2024","BALANCETE DA DESPESA MAR-2024","BALANCETE-DA-DESPESA-MAR-2024.pdf","3",,,"0"
"686","294","BALANCETE DA DESPESA  ABR-2024","BALANCETE DA DESPESA  ABR-2024","BALANCETE-DA-DESPESA-ABR-2024.pdf","4",,,"0"
"687","294","BALANCETE DA DESPESA  MAI-2024","BALANCETE DA DESPESA  MAI-2024","BALANCETE-DA-DESPESA-MAI-2024.pdf","5",,,"0"
"688","294","BALANCETE DA DESPESA  JUN-2024","BALANCETE DA DESPESA  JUN-2024","BALANCETE-DA-DESPESA-JUN-2024.pdf","6",,,"0"
"689","294","BALANCETE DA DESPESA  JUL-2024","BALANCETE DA DESPESA  JUL-2024","BALANCETE-DA-DESPESA-JUL-2024.pdf","7",,,"0"
"690","294","BALANCETE DA DESPESA  AGO-2024","BALANCETE DA DESPESA  AGO-2024","BALANCETE-DA-DESPESA-AGO-2024.pdf","8",,,"0"
"691","294","BALANCETE DA DESPESA  SET-2024","BALANCETE DA DESPESA  SET-2024","BALANCETE-DA-DESPESA-SET-2024.pdf","9",,,"0"
"692","294","BALANCETE DA DESPESA  OUT-2024","BALANCETE DA DESPESA  OUT-2024","BALANCETE-DA-DESPESA-OUT-2024.pdf","10",,,"0"
"693","294","BALANCETE DA DESPESA  NOV-2024","BALANCETE DA DESPESA  NOV-2024","BALANCETE-DA-DESPESA-NOV-2024.pdf","11",,,"0"
"694","294","BALANCETE DA DESPESA  DEZ-2024","BALANCETE DA DESPESA  DEZ-2024","BALANCETE-DA-DESPESA-DEZ-2024.pdf","12",,,"0"
"696","295","BALANCETE DA RECEITA JAN-2024","BALANCETE DA RECEITA JAN-2024","BALANCO-DA-RECEITA-JAN-2024.pdf","1",,,"0"
"697","295","BALANCETE DA RECEITA FEV-2024","BALANCETE DA RECEITA FEV-2024","BALANCO-DA-RECEITA-FEV-2024.pdf","2",,,"0"
"698","295","BALANCETE DA RECEITA MAR-2024","BALANCETE DA RECEITA MAR-2024","BALANCO-DA-RECEITA-MAR-2024.pdf","3",,,"0"
"699","295","BALANCETE DA RECEITA ABR-2024","BALANCETE DA RECEITA ABR-2024","BALANCO-DA-RECEITA-ABR-2024.pdf","4",,,"0"
"700","295","BALANCETE DA RECEITA MAI-2024","BALANCETE DA RECEITA MAI-2024","BALANCO-DA-RECEITA-MAI-2024.pdf","5",,,"0"
"701","295","BALANCETE DA RECEITA JUN-2024","BALANCETE DA RECEITA JUN-2024","BALANCO-DA-RECEITA-JUN-2024.pdf","6",,,"0"
"702","295","BALANCETE DA RECEITA JUL-2024","BALANCETE DA RECEITA JUL-2024","BALANCO-DA-RECEITA-JUL-2024.pdf","7",,,"0"
"703","295","BALANCETE DA RECEITA AGO-2024","BALANCETE DA RECEITA AGO-2024","BALANCO-DA-RECEITA-AGO-2024.pdf","8",,,"0"
"704","295","BALANCETE DA RECEITA SET-2024","BALANCETE DA RECEITA SET-2024","BALANCO-DA-RECEITA-SET-2024.pdf","9",,,"0"
"705","295","BALANCETE DA RECEITA OUT-2024","BALANCETE DA RECEITA OUT-2024","BALANCO-DA-RECEITA-OUT-2024.pdf","10",,,"0"
"706","295","BALANCETE DA RECEITA NOV-2024","BALANCETE DA RECEITA NOV-2024","BALANCO-DA-RECEITA-NOV-2024.pdf","11",,,"0"
"707","295","BALANCETE DA RECEITA DEZ-2024","BALANCETE DA RECEITA DEZ-2024","BALANCO-DA-RECEITA-DEZ-2024.pdf","12",,,"0"
"708","293","BALANCETE DA DESPESA JAN-2023","BALANCETE DA DESPESA JAN-2023","BALANCETE-DA-DESPESA-JAN-2023.pdf","1",,,"0"
"709","293","BALANCETE DA DESPESA FEV-2023","BALANCETE DA DESPESA FEV-2023","BALANCETE-DA-DESPESA-FEV-2023.pdf","2",,,"0"
"710","293","BALANCETE DA DESPESA MAR-2023","BALANCETE DA DESPESA MAR-2023","BALANCETE-DA-DESPESA-MAR-2023.pdf","3",,,"0"
"711","293","BALANCETE DA DESPESA ABR-2023","BALANCETE DA DESPESA ABR-2023","BALANCETE-DA-DESPESA-ABR-2023.pdf","4",,,"0"
"712","293","BALANCETE DA DESPESA MAI-2023","BALANCETE DA DESPESA MAI-2023","BALANCETE-DA-DESPESA-MAI-2023.pdf","5",,,"0"
"713","293","BALANCETE DA DESPESA JUN-2023","BALANCETE DA DESPESA JUN-2023","BALANCETE-DA-DESPESA-JUN-2023.pdf","6",,,"0"
"714","293","BALANCETE DA DESPESA JUL-2023","BALANCETE DA DESPESA JUL-2023","BALANCETE-DA-DESPESA-JUL-2023.pdf","7",,,"0"
"715","293","BALANCETE DA DESPESA AGO-2023","BALANCETE DA DESPESA AGO-2023","BALANCETE-DA-DESPESA-AGO-2023.pdf","8",,,"0"
"716","293","BALANCETE DA DESPESA SET-2023","BALANCETE DA DESPESA SET-2023","BALANCETE-DA-DESPESA-SET-2023.pdf","9",,,"0"
"717","293","BALANCETE DA DESPESA OUT-2023","BALANCETE DA DESPESA OUT-2023","BALANCETE-DA-DESPESA-OUT-2023.pdf","10",,,"0"
"718","293","BALANCETE DA DESPESA NOV-2023","BALANCETE DA DESPESA NOV-2023","BALANCETE-DA-DESPESA-NOV-2023.pdf","11",,,"0"
"719","293","BALANCETE DA DESPESA DEZ-2023","BALANCETE DA DESPESA DEZ-2023","BALANCETE-DA-DESPESA-DEZ-2023.pdf","12",,,"0"
"720","296","BALANCETE DA RECEITA JAN-2023","BALANCETE DA RECEITA JAN-2023","BALANCETE-DA-RECEITA-JAN-2023.pdf","1",,,"0"
"721","296","BALANCETE DA RECEITA FEV-2023","BALANCETE DA RECEITA FEV-2023","BALANCETE-DA-RECEITA-FEV-2023.pdf","2",,,"0"
"722","296","BALANCETE DA RECEITA MAR-2023","BALANCETE DA RECEITA MAR-2023","BALANCETE-DA-RECEITA-MAR-2023.pdf","3",,,"0"
"723","296","BALANCETE DA RECEITA ABR-2023","BALANCETE DA RECEITA ABR-2023","BALANCETE-DA-RECEITA-ABR-2023.pdf","4",,,"0"
"724","296","BALANCETE DA RECEITA MAI-2023","BALANCETE DA RECEITA MAI-2023","BALANCETE-DA-RECEITA-MAI-2023.pdf","5",,,"0"
"725","296","BALANCETE DA RECEITA JUN-2023","BALANCETE DA RECEITA JUN-2023","BALANCETE-DA-RECEITA-JUN-2023.pdf","6",,,"0"
"726","296","BALANCETE DA RECEITA JUL-2023","BALANCETE DA RECEITA JUL-2023","BALANCETE-DA-RECEITA-JUL-2023.pdf","7",,,"0"
"727","296","BALANCETE DA RECEITA AGO-2023","BALANCETE DA RECEITA AGO-2023","BALANCETE-DA-RECEITA-AGO-2023.pdf","8",,,"0"
"728","296","BALANCETE DA RECEITA  SET-2023","BALANCETE DA RECEITA  SET-2023","BALANCETE-DA-RECEITA-SET-2023.pdf","9",,,"0"
"729","296","BALANCETE DA RECEITA  OUT-2023","BALANCETE DA RECEITA  OUT-2023","BALANCETE-DA-RECEITA-OUT-2023.pdf","10",,,"0"
"730","296","BALANCETE DA RECEITA  NOV-2023","BALANCETE DA RECEITA  NOV-2023","BALANCETE-DA-RECEITA-NOV-2023.pdf","11",,,"0"
"731","296","BALANCETE DA RECEITA  DEZ-2023","BALANCETE DA RECEITA  DEZ-2023","BALANCETE-DA-RECEITA-DEZ-2023.pdf","12",,,"0"
"732","219","BALANCETE DA DESPESA JAN-2019","BALANCETE DA DESPESA JAN-2019","BALANCETE-DA-DESPESA-JAN-2019.pdf","1",,,"0"
"733","219","BALANCETE DA DESPESA FEV-2019","BALANCETE DA DESPESA FEV-2019","BALANCETE-DA-DESPESA-FEV-2019.pdf","2",,,"0"
"734","219","BALANCETE DA DESPESA MAR-2019","BALANCETE DA DESPESA MAR-2019","BALANCETE-DA-DESPESA-MAR-2019.pdf","3",,,"0"
"735","219","BALANCETE DA DESPESA ABR-2019","BALANCETE DA DESPESA ABR-2019","BALANCETE-DA-DESPESA-ABR-2019.pdf","4",,,"0"
"736","314","Decreto - N - 6688-27-12-2022","Nomeação dos membros do Cacs Fundeb","DECRETO-N-6688-27-12-2022-20250407165914.pdf","9999",,,"0"
"737","313","Lei Nº 838 de 15 de outubro de 1997","Conselho Municipal de Educação","LEI-838-15-10-1997-CME.pdf","9999",,,"0"
"738","313","Decreto Nº 6687 de 27 de dezembro de 2022","Nomeação dos membros e suplentes para a composição do Conselho Municipal de Educação","DECRETO-6687-NOMEIA-MEMBROS-E-SUPLENTES-CONSELHO-MUNIC-EDUCACAO.pdf","9999",,,"0"
"749","321","LOA 2025","LOA 2025","LEI-N-2127-DE-16-DE-DEZEMBRO-DE-2024-ESTIMA-A-RECEITA-E-FIXA-A-DESPESA-DO-MUNICIPIO-DE-FRONTEIRA-PARA-O-EXERCICIO-FINANCEIRO-DE-2025-1.pdf","1",,,"0"
"750","320","LDO 2025","LDO 2025","LEI-N-2108-DE-25-DE-SETEMBRO-DE-2024-DISPOE-SOBRE-AS-DIRETRIZES-PARA-ELABORACAO-E-EXECUCAO-DA-LEI-ORCAMENTARIA-PARA-O-EXERCICIO-FINANCEIRO-DE-20250001-1.pdf","1",,,"0"
"753","281","ANEXO III 3º - 1º BIMESTRE-2025","ANEXO III 3º - 1º BIMESTRE-2025","ANEXO-III-1o-BIMESTRE-2025-PAGO.pdf","22",,,"0"
"754","281","ANEXO III 3º - 1º BIMESTRE-2025","ANEXO III 3º - 1º BIMESTRE-2025","ANEXO-III-1o-BIMESTRE-2025-LIQUIDADO.pdf","23",,,"0"
"758","281","ANEXO IV 5º - 1ºBIMESTRE - 2025","ANEXO IV 5º - 1ºBIMESTRE - 2025","ANEXO-IV-1o-BIMESTRE-2025-LIQUIDADO.pdf","24",,,"0"
"759","281","ANEXO IV 5º - 1ºBIMESTRE - 2025","ANEXO IV 5º - 1ºBIMESTRE - 2025","ANEXO-IV-1o-BIMESTRE-2025-PAGO-BRUTO.pdf","25",,,"0"
"760","281","ANEXO VIII 6º - 1ºBIMESTRE - 2025","ANEXO VIII 6º - 1ºBIMESTRE - 2025","ANEXO-VIII-1o-BIMESTRE-2025-LIQUIDADO.pdf","26",,,"0"
"761","281","ANEXO VIII 6º - 1ºBIMESTRE - 2025","ANEXO VIII 6º - 1ºBIMESTRE - 2025","ANEXO-VIII-1o-BIMESTRE-2025-PAGO.pdf","27",,,"0"
"763","326","1º  BIMESTRE DE 2025 RREO","1º  BIMESTRE DE 2025 RREO","1o-BIMESTRE-2025-RREO.pdf","1",,,"0"
"764","314","Lei - No - 1939-De-25-de-março-de-2021","Lei de criação","LEI-No-1939-DE-25-DE-MARCO-DE-2021.pdf","9999",,,"0"
"765","315","REGIMENTO-CAE-ATUALIZADO-21-11-1","Regimento interno do Conselho de alimentação escolar-CAEr","REGIMENTO-CAE-ATUALIZADO-21-11-1.odt","9999",,,"0"
"766","316","Lista de crianças atendidas CMEIs - 2025","Lista de crianças atendidas CMEIs - 2025","LISTA-DE-CRIANCAS-ATENDIDAS-DE-MARCO-A-MAIO-2025.xlsx","4",,,"0"
"767","256","LOA 2020","LOA 2020","LEI-No-1933-LOA-2020.pdf","1",,,"0"
"768","316","Curriculo-Municipal-de-Fronteira","Curriculo-Municipal-de-Fronteira","CURRICULO-MUNICIPAL-DE-FRONTEIRA.pdf","5",,,"0"
"769","314","ATA-N-04-2024-DE-REUNIAO-DE-ANALISE-DAS-PASTAS-DO-QUARTO-TRIMESTRE-2023-DO-CACS-FUNDEB-2023-2026-20250715150541.pdf","Ata de reunião de análise das pastas do quarto trimestre do Casc/Fundeb - 2023/2026","ATA-N-04-2024-DE-REUNIAO-DE-ANALISE-DAS-PASTAS-DO-QUARTO-TRIMESTRE-2023-DO-CACS-FUNDEB-2023-2026-20250715150541.pdf","9999",,,"0"
"770","314","ATA-N-05-2024-ATA-DE-REUNIAO-DE-ANALISE-DAS-PASTAS-DO-PRIMEIRO-TRIMESTRE-DO-CACS-FUNDEB-2023-2026-202507151517011.pdf","Ata de reunião de análise das pastas do primeiro trimestre do Casc/Fundeb - 2023/2026","ATA-N-05-2024-ATA-DE-REUNIAO-DE-ANALISE-DAS-PASTAS-DO-PRIMEIRO-TRIMESTRE-DO-CACS-FUNDEB-2023-2026-202507151517011.pdf","9999",,,"0"
"771","314","ATA-N-06-2024-ATA-DE-REUNIAO-DE-ANALISE-DAS-PASTAS-DO-SEGUNDO-TRIMESTRE-DO-CASC-FUNDEB-2023-2026-20250715153055.pdf","Ata de reunião de análise das pastas do segundo trimestre do Casc/Fundeb - 2023/2026","ATA-N-06-2024-ATA-DE-REUNIAO-DE-ANALISE-DAS-PASTAS-DO-SEGUNDO-TRIMESTRE-DO-CASC-FUNDEB-2023-2026-20250715153055.pdf","9999",,,"0"
"772","329",,,"Resolucao-CMAS-n-10-2025.pdf","9999",,,"0"
"773","316","Lista de espera atualizada","Lista de espera atualizada","ANEXO-III-LISTA-DE-ESPERA-ATUALIZADA.docx","6",,,"0"
"775","275","ATA DA REUNIÃO ORDINÁRIA DA COMISSÃO DE SELEÇÃO DE MÉRITO CULTURAL DO MUNICIPIO DE FRONTEIRA - LEI COMPLEMENTAR 195-2022 - LEI PAULO GUSTAVO 27/12/2024","","ATA-DA-REUNIAO-ORDINARIA-DA-COMISSAO-DE-SELECAO-DE-MERITO-CULTURAL-DO-MUNICIPIO-DE-FRONTEIRA-LEI-COMPLEMENTAR-195-2022-LEI-PAULO-GUSTAVO.pdf","9990",,,"0"
"778","314","ATA-N07-2024-ATA-DE-REUNIAO-DE-ANALISE-DAS-PASTAS-DO-TERCEIRO-TRIMESTRE-DO-CONSELHO-MUNICIPAL-DO-CACS-FUNDEB.pdf","ATA-N07-2024-ATA-DE-REUNIAO-DE-ANALISE-DAS-PASTAS-DO-TERCEIRO-TRIMESTRE-DO-CONSELHO-MUNICIPAL-DO-CACS-FUNDEB.pdf","ATA-N07-2024-ATA-DE-REUNIAO-DE-ANALISE-DAS-PASTAS-DO-TERCEIRO-TRIMESTRE-DO-CONSELHO-MUNICIPAL-DO-CACS-FUNDEB.pdf","9999",,,"0"
"779","330","PCA 2025","","PCA2025CONSOLIDADOFINAL.pdf","9999",,,"0"
"780","329",,,"Resolucao-CMAS-no-12-2025.pdf","9999",,,"0"
"781","216","VTN 2025","VTN 2025","VTN-2025-EMATER.pdf","9996",,,"0"
"782","324","BALANCO-DA-RECEITA-JAN-2025.","BALANCO-DA-RECEITA-JAN-2025.","BALANCO-DA-RECEITA-JAN-2025.pdf","1",,,"0"
"783","324","BALANCO-DA-RECEITA-FEV-2025.","BALANCO-DA-RECEITA-FEV-2025","BALANCO-DA-RECEITA-FEV-2025.pdf","2",,,"0"
"784","324","BALANCO-DA-RECEITA-MAR-2025.","BALANCO-DA-RECEITA-MAR-2025.","BALANCO-DA-RECEITA-MAR-2025.pdf","3",,,"0"
"785","324","BALANCO-DA-RECEITA-ABR-2025.","BALANCO-DA-RECEITA-ABR-2025.","BALANCO-DA-RECEITA-ABR-2025.pdf","4",,,"0"
"786","324","BALANCO-DA-RECEITA-MAI-2025.","BALANCO-DA-RECEITA-MAI-2025","BALANCO-DA-RECEITA-MAI-2025.pdf","5",,,"0"
"787","324","BALANCO-DA-RECEITA-JUN-2025.","BALANCO-DA-RECEITA-JUN-2025.","BALANCO-DA-RECEITA-JUN-2025.pdf","6",,,"0"
"788","324","BALANCO-DA-RECEITA-JUL-2025.","BALANCO-DA-RECEITA-JUL-2025.","BALANCO-DA-RECEITA-JUL-2025.pdf","7",,,"0"
"789","323","BALANCETE-DA-DESPESA-JAN-2025.","BALANCETE-DA-DESPESA-JAN-2025.","BALANCETE-DA-DESPESA-JAN-2025.pdf","1",,,"0"
"790","323","BALANCETE-DA-DESPESA-FEV-2025.","BALANCETE-DA-DESPESA-FEV-2025.","BALANCETE-DA-DESPESA-FEV-2025.pdf","2",,,"0"
"791","323","BALANCETE-DA-DESPESA-MAR-2025.","BALANCETE-DA-DESPESA-MAR-2025.","BALANCETE-DA-DESPESA-MAR-2025.pdf","3",,,"0"
"792","323","BALANCETE-DA-DESPESA-ABR-2025.","BALANCETE-DA-DESPESA-ABR-2025.","BALANCETE-DA-DESPESA-ABR-2025.pdf","4",,,"0"
"793","323","BALANCETE-DA-DESPESA-MAI-2025.","BALANCETE-DA-DESPESA-MAI-2025.","BALANCETE-DA-DESPESA-MAI-2025.pdf","5",,,"0"
"794","323","BALANCETE-DA-DESPESA-JUN-2025.","BALANCETE-DA-DESPESA-JUN-2025.","BALANCETE-DA-DESPESA-JUN-2025.pdf","6",,,"0"
"795","323","BALANCETE-DA-DESPESA-JUL-2025.","BALANCETE-DA-DESPESA-JUL-2025.","BALANCETE-DA-DESPESA-JUL-2025.pdf","7",,,"0"
"796","318","REPASSE-DUODECIMO-JANEIRO-2025.","REPASSE-DUODECIMO-JANEIRO-2025.","REPASSE-DUODECIMO-JANEIRO-2025.pdf","1",,,"0"
"797","318","REPASSE-DUODECIMO-FEVEREIRO-2025.","","REPASSE-DUODECIMO-FEVEREIRO-2025.pdf","2",,,"0"
"798","318","REPASSE-DUODECIMO-MARCO-2025.","REPASSE-DUODECIMO-MARCO-2025.","REPASSE-DUODECIMO-MARCO-2025.pdf","3",,,"0"
"799","318","REPASSE-DUODECIMO-ABRIL-2025.","REPASSE-DUODECIMO-ABRIL-2025.","REPASSE-DUODECIMO-ABRIL-2025.pdf","4",,,"0"
"800","318","REPASSE-DUODECIMO-MAIO-2025.","REPASSE-DUODECIMO-MAIO-2025.","REPASSE-DUODECIMO-MAIO-2025.pdf","5",,,"0"
"801","318","REPASSE-DUODECIMO-JUNHO-2025.","REPASSE-DUODECIMO-JUNHO-2025.","REPASSE-DUODECIMO-JUNHO-2025.pdf","6",,,"0"
"802","318","REPASSE-DUODECIMO-JULHO-2025.","REPASSE-DUODECIMO-JULHO-2025.","REPASSE-DUODECIMO-JULHO-2025.pdf","7",,,"0"
