"id","idCategoriaLegislacao","idStatusLegislacao","numero","ano","link","sumula","nomeArquivo","created_at","updated_at","nome","remoto"
"4","13","2","5966","2021","","DISPÕE SOBRE ENTREGA DE MERCADORIAS EM DOMICÍLIO NA ONDA ROXA",,"12/3/2021 15:28:43","2/6/2021 16:18:54",,"0"
"5","13","2","5989","2021","","DISPÕE SOBRE A ADOÇÃO DE MEDIDAS DE CARÁTER EMERGENCIAL E DE PREVENÇÃO NO CONTEXTO DA PANDEMIA DA COVID-19, NO MUNICÍPIO DE FRONTEIRA E DA OUTRAS PROVIDÊNCIAS ",,"5/4/2021 13:47:56","2/6/2021 16:19:22",,"0"
"6","1","1","6009","2021","","ESTABELECE O PLANO DE AÇÃO DO MUNICÍPIO DE
FRONTEIRA/MG, PARA ATENDER O PADRÃO MÍNIMO DE
QUALIDADE DO SISTEMA ÚNICO E INTEGRADO DE EXECUÇÃO
ORÇAMENTÁRIA, ADMINISTRAÇÃO FINANCEIRA E CONTROLE –
SIAFIC, NOS TERMOS DO PARÁGRAFO ÚNICO, DO ART. 18o, DO
DECRETO FEDERAL No 10.540, DE 5 DE NOVEMBRO DE 2020",,"28/4/2021 10:17:42","28/4/2021 10:17:42",,"0"
"7","1","1","5911","2021","","APROVA O CALENDARIO OFICIAL DE FERIADOS E PONTOS FACULTATIVOS PARA O EXERCICIO DE 2021 NO MUNICÍPIO DE FRONTEIRA",,"7/5/2021 15:21:53","7/5/2021 15:21:53",,"0"
"8","9","1","1934","2021","","CONCEDE SUBVENÇÃO SOCIAL A ASSISTÊNCIA SOCIAL – ASILO PIO XII E DÁ OUTRAS PROVIDÊNCIAS",,"25/5/2021 15:09:15","25/5/2021 15:09:15",,"0"
"9","9","1","1935","2021","","   DISPÕE SOBRE A ABERTURA DE CRÉDITO ADICIONAL PARA SUPLEMENTAÇÃO DE VERBAS DO ORÇAMENTO VIGENTE",,"25/5/2021 15:29:23","25/5/2021 15:29:23",,"0"
"10","9","1","1936","2021","","DISPÕE SOBRE AUTORIZAÇÃO DE PERCENTUAL PARA REALOCAÇÕES DE SALDOS DE DOTAÇÕES ORÇAMENTÁRIAS DO ORÇAMENTO PARA O EXERCÍCIO DE 2021 E CONTÉM OUTRAS PROVIDÊNCIAS",,"25/5/2021 15:32:42","25/5/2021 15:32:42",,"0"
"11","9","1","1937","2021","","ALTERA DISPOSITIVO DA LEI 1.252, DE 11 DE AGOSTO DE 2005, E DA LEI Nº 1.802, DE 11 DE ABRIL DE 2018 ",,"25/5/2021 15:36:58","25/5/2021 15:36:58",,"0"
"12","9","1","1938","2021","","RATIFICA PROTOCOLO DE INTENÇÕES FIRMADO ENTRE MUNICÍPIOS BRASILEIROS, COM A FINALIDADE DE ADQUIRIR VACINAR PARA COMBATE À PANDEMIA DO CORONAVÍRUS; MEDICAMENTOS, INSUMOS E EQUIPAMENTOS NA ÁREA DE SAÚDE ",,"25/5/2021 15:58:18","25/5/2021 15:58:18",,"0"
"13","9","1","1939","2021","","DISPÕE SOBRE A CRIAÇÃO DO CONSELHO MUNICIPAL DE ACOMPANHAMENTO E CONTROLE SOCIAL DO FUNDO DE MANUTENÇÃO E DESENVOLVIMENTO DA EDUCAÇÃO BÁSICA E DE VALORIZAÇÃO DOS PROFISSIONAIS DA EDUCAÇÃO – CACS/FUNDEB.",,"25/5/2021 16:01:47","25/5/2021 16:01:47",,"0"
"14","9","1","1940","2021","","DISPÕE SOBRE A POLÍTICA HABITACIONAL DE INTERESSE SOCIAL DO MUNICÍPIO, VOLTADA PARA A POPULAÇÃO DE BAIXA RENDA",,"25/5/2021 16:06:30","25/5/2021 16:06:30",,"0"
"15","3","1","0001","2021","","DISPÕE SOBRE REAJUSTE DOS VENCIMENTOS DOS AGENTES DE COMBATE ÀS ENDEMIAS (ACE) E AGENTES COMUNITÁRIOS DE SAÚDE (ACS), CONFORME VALORES ESTIPULADOS PELA LEI FEDERAL Nº 11.350/2006, ALTERADA PELA LEI FEDERAL Nº 13.708/2018.",,"25/5/2021 16:10:21","25/5/2021 16:11:11",,"0"
"16","9","1","1941","2021","","CONCEDE AUXÍLIO FINANCEIRO AO CONSELHO COMUNITÁRIO DE SEGURANÇA PÚBLICA E SOCIAL DE FRONTEIRA-MG (CONSEP) E DÁ OUTRAS PROVIDÊNCIAS",,"25/5/2021 16:15:31","25/5/2021 16:15:31",,"0"
"17","9","1","1942","2021","","CONCEDE SUBVENÇÃO SOCIAL AO CENTRO DE RECUPERAÇÃO DO ALCOÓLATRA (CEREA) E DA OUTRAS PROVIDÊNCIAS;",,"25/5/2021 16:31:52","25/5/2021 16:31:52",,"0"
"18","9","1","1943","2021","","AUTORIZA ABERTURA DE CRÉDITO ADICIONAL ESPECIAL NO ORÇAMENTO VIGENTE E DÁ OUTRAS PROVIDÊNCIAS",,"25/5/2021 16:36:22","25/5/2021 16:36:22",,"0"
"19","9","1","1944","2021","","AUTORIZA ABERTURA DE CRÉDITO ADICIONAL ESPECIAL NO ORÇAMENTO VIGENTE E DÁ OUTRAS PROVIDÊNCIAS",,"25/5/2021 16:38:09","25/5/2021 16:38:09",,"0"
"20","9","1","1945","2021","","AUTORIZA ABERTURA DE CRÉDITO ADICIONAL ESPECIAL NO ORÇAMENTO VIGENTE E DÁ OUTRAS PROVIDÊNCIAS",,"25/5/2021 16:41:21","25/5/2021 16:41:21",,"0"
"21","9","1","1946","2021","","AUTORIZA ABERTURA DE CRÉDITO ADICIONAL ESPECIAL NO ORÇAMENTO VIGENTE E DÁ OUTRAS PROVIDÊNCIAS",,"25/5/2021 16:46:56","27/5/2021 14:57:48",,"0"
"22","9","1","1947","2021","","AUTORIZA A ABERTURA DE CRÉDITO ADICIONAL ESPECIAL NO ORÇAMENTO VIGENTE E DÁ OUTRAS PROVIDÊNCIAS",,"27/5/2021 15:00:26","27/5/2021 15:00:26",,"0"
"23","9","1","1948","2021","","AUTORIZA A ABERTURA DE CRÉDITO ADICIONAL ESPECIAL NO ORÇAMENTO VIGENTE E DÁ OUTRAS PROVIDÊNCIAS",,"27/5/2021 15:02:26","27/5/2021 15:02:26",,"0"
"24","13","1","6030","2021","","DISPÕE SOBRE  A ADOÇÃO DE MEDIDAS DE CARÁTER EMERGENCIAL E DE PREVENÇÃO NO CONTEXTO DA PANDEMIA DO COVID-19, NO MUNICÍPIO DE FRONTEIRA E DA OUTRAS PROVIDÊNCIAS",,"2/6/2021 16:17:22","2/6/2021 16:17:22",,"0"
"25","3","1","0002","2021","","DISPÕE SOBRE O AFASTAMENTO DA GESTANTE SERVIDORA OU CONTRATADA POR PRAZO DETERMINADO, DO MUNICÍPIO DE FRONTEIRA, DAS ATIVIDADES DE TRABALHO PRESENCIAL DURANTE A EMERGÊNCIA DE SAÚDE PÚBLICA DE IMPORTÂNCIA MUNICIPAL DECORRENTE DO NOVO CORONAVÍRUS. ",,"22/6/2021 14:01:04","22/6/2021 14:01:04",,"0"
"26","9","1","1949","2021","","AUTORIZA O EXECUTIVO MUNICIPAL A CONCEDER DESCONTO SOBRE JUROS E MULTAS DOS TRIBUTOS MUNICIPAIS E DÁ OUTRAS PROVIDÊNCIAS",,"30/6/2021 09:20:35","30/6/2021 09:20:35",,"0"
"27","9","1","1950","2021","","AUTORIZA A ALIENAÇÃO DE BENS MÓVEIS E DÁ OUTRAS PROVIDÊNCIAS",,"1/7/2021 14:02:34","1/7/2021 14:02:34",,"0"
"28","9","1","1951","2021","","DA DENOMINAÇÃO AO CENTRO ADMINISTRATIVO II DE ""LEOVALDO PINEIS"" E DÁ OUTRAS PROVIDÊNCIAS",,"5/7/2021 09:05:30","5/7/2021 09:05:30",,"0"
"29","9","1","1952","2021","","DA DENOMINAÇÃO A AVENIDA 16 NA VILA CHICA DE ""DIVIDA EURIDES DE LIMA ROCHA"" E DÁ OUTRAS PROVIDÊNCIAS",,"5/7/2021 09:09:45","5/7/2021 09:09:45",,"0"
"30","3","1","0003","2021","","CRIA O PARCELAMENTO DO SOLO PARA FINS URBANO E RURAL NO MUNICÍPIO DE FRONTEIRA E DÁ OUTRAS PROVIDÊNCIAS.",,"22/7/2021 15:54:30","22/7/2021 15:54:30",,"0"
"31","9","1","1953","2021","","DISPÕE SOBRE A SUPLEMENTAÇÃO DE VERBAS DO ORÇAMENTO VIGENTE (CAMARA MUNICIPAL)",,"22/7/2021 15:59:43","22/7/2021 15:59:43",,"0"
"32","9","1","1954","2021","","REVOGA A LEI MUNICIPAL Nº 1.920 DE 11 DE AGOSTO DE 2020.",,"22/7/2021 16:00:41","22/7/2021 16:00:41",,"0"
"33","9","1","1955","2021","","CONCEDE AUXÍLIO FINANCEIRO AO CONSELHO COMUNITÁRIO DE SEGURANÇA PÚBLICA E SOCIAL DE FRONTEIRA-MG (CONSEP) E DÁ OUTRAS PROVIDÊNCIAS.",,"22/7/2021 16:02:00","22/7/2021 16:02:00",,"0"
"34","9","1","1956","2021","","INSTITUI A POLÍTICA MUNICIPAL DE TURISMO DE FRONTEIRA/MG, E DÁ OUTRAS PROVIDÊNCIAS.",,"22/7/2021 16:03:33","22/7/2021 16:03:33",,"0"
"35","13","1","6092","2021","","ALTERA AS MEDIDAS DE CARÁTER
EMERGENCIAL E DE PREVENÇÃO
NO CONTEXTO DA PANDEMIA Do
COVID-19, INSTITUIDO PELO
DECRETO N° 6.030, DE 21 DE
MAIO DE 2021 E DA OUTRASs
PROVIDENCIAS. ",,"26/7/2021 20:20:45","26/7/2021 20:20:45",,"0"
"36","1","1","6082","2021","","DECLARA DE UTILIDADE PÚBLICA, PARA FINS DE AMPLIAÇÃO DO CEMITÉRIO LOCAL, PARTE DA ÁREA DE IMÓVEL RURAL LOCALIZADO NO MUNICÍPIO DE FRONTEIRA E DÁ OUTRAS PROVIDÊNCIAS",,"4/8/2021 10:07:29","4/8/2021 10:07:29",,"0"
"37","13","1","6094","2021","","DISPÕE SOBRE A VOLTAS ÀS AULAS E RETORNO ÀS ATIVIDADES PRESENCIAIS, POR MEIO DO ENSINO HÍBRIDO, NAS ESCOLAS DA REDE PÚBLICA (ESTADUAL E MUNICIPAL), PARTICULAR E FILANTRÓPICAS E DÁ OUTRAS PROVIDENCIAS.",,"4/8/2021 10:11:37","4/8/2021 10:11:37",,"0"
"38","1","1","6093","2021","","ALTERA COMPOSIÇÃO E NOMEIA MEMBROS DA COMISSÃO MUNICIPAL DE DESENVOLVIMENTO ECONÔMICO - CMDE - E DÁ OUTRAS PROVIDÊNCIAS.",,"4/8/2021 10:14:40","4/8/2021 10:14:40",,"0"
"39","9","1","1957","2021","","APROVA A ATUALIZAÇÃO DO PLANO MUNICIPAL TURISMO - PMT DO MUNICÍPIO DE FRONTEIRA/MG, E DÁ OUTRAS PROVIDÊNCIAS.",,"16/8/2021 16:24:45","16/8/2021 16:24:45",,"0"
"40","9","2","1958","2021","","INCLUI NO PERÍMETRO URBANO DO MUNICÍPIO A ÁREA QUE  MENCIONA E DÁ OUTRAS PROVIDÊNCIAS. ",,"16/8/2021 16:26:26","30/9/2021 10:37:57",,"0"
"41","9","1","1959","2021","","REVOGA AS LEIS NºS 1.699, DE 04 DE DEZEMBRO DE 2015 E 1.700, DE 04 DE DEZEMBRO DE 2015, E REGULA A COBRANÇA PARA CESSÃO A PARTICULAR, PARA SERVIÇOS TRANSITÓRIOS, DE MAQUINÁRIO DO MUNICÍPIO.",,"16/8/2021 16:28:13","16/8/2021 16:28:13",,"0"
"42","9","1","1960","2021","","AUTORIZA O PODER EXECUTIVO A FIRMAR ACORDO DE PARCELAMENTO DE DÍVIDA ORIUNDA DO LEGISLATIVO MUNICIPAL COM O INSTITUTO NACIONAL DE SEGURIDADE SOCIAL – INSS E DÁ OUTRAS PROVIDÊNCIAS.",,"16/8/2021 16:31:21","16/8/2021 16:31:21",,"0"
"43","9","1","1961","2021","","DA DENOMINAÇÃO A NOVA CRECHE SITUADA NA RUA MIGUEL JOSÉ MIZIARA, Nº 947, COHAB, DE “CRECHE DONA ALICE” E DÁ OUTRAS PROVIDÊNCIAS",,"16/8/2021 16:33:18","16/8/2021 16:33:18",,"0"
"44","9","1","1962","2021","","DA DENOMINAÇÃO de “ANTONIO DE FREITAS CARVALHO” A RUA QUE COMEÇA NA RUA HUM E TERMINA NA AVENIDA SÃO PAULO, NA VILA CHICA  E DÁ OUTRAS PROVIDÊNCIAS.",,"16/8/2021 16:35:10","16/8/2021 16:35:10",,"0"
"45","9","1","1963","2021","","DA DENOMINAÇÃO A AVENIDA B NO JARDIM VERANEIO “ANOAR ASSEM MUSSI” E DÁ OUTRAS PROVIDÊNCIAS.",,"31/8/2021 14:22:06","31/8/2021 14:22:06",,"0"
"46","9","1","1964","2021","","INSTITUI A “CAMPANHA OFTALMOLOGICA NAS ESCOLAS DO MUNICÍPIO” E DÁ OUTRAS PROVIDÊNCIAS.",,"31/8/2021 14:24:04","31/8/2021 14:24:04",,"0"
"47","9","1","1965","2021","","CONCEDE REPOSIÇÃO SALARIAL AOS SERVIDORES DA CÂMARA MUNICIPAL DE FRONTEIRA/MG, REFERENTE AO EXERCÍCIO DE 2020.",,"31/8/2021 14:25:57","31/8/2021 14:25:57",,"0"
"48","9","1","1966","2021","","DISPÕE SOBRE A SUPLEMENTAÇÃO DE VERBAS DO ORÇAMENTO VIGENTE.",,"31/8/2021 14:30:48","31/8/2021 14:30:48",,"0"
"49","9","1","1667","2021","","AUTORIZA O PODER EXECUTIVO MUNICIPAL A PROMOVER PROCESSO DE TRANSFERÊNCIA DE IMÓVEIS NA FORMA QUE MENCIONA E DÁ OUTRAS PROVIDÊNCIAS.",,"2/9/2021 16:20:07","2/9/2021 16:20:07",,"0"
"50","9","1","1968","2021","","AUTORIZA A ABERTURA DE CRÉDITO ADICIONAL ESPECIAL NO ORÇAMENTO VIGENTE E DÁ OUTRAS PROVIDÊNCIAS. ",,"2/9/2021 16:21:08","2/9/2021 16:21:08",,"0"
"51","9","1","1969","2021","","AUTORIZA A ABERTURA DE CRÉDITO ADICIONAL ESPECIAL NO ORÇAMENTO VIGENTE E DÁ OUTRAS PROVIDÊNCIAS. ",,"2/9/2021 16:22:25","2/9/2021 16:22:25",,"0"
"53","9","1","1971","2021","","DA DENOMINAÇÃO A UNIDADE MISTA DE SAUDE DE FRONTEIRA DE   UNIDADE MISTA “DR. JULIO DA MAIA CACHAPUZ NETO” E DÁ OUTRAS PROVIDÊNCIAS.",,"25/11/2021 15:15:13","25/11/2021 15:15:13",,"0"
"54","9","1","1972","2021","","DISPÕE SOBRE AS DIRETRIZES PARA ELABORAÇÃO E EXECUÇÃO DA LEI ORÇAMENTÁRIA PARA EXERCÍCIO FINANCEIRO DO ANO DE 2022, E DÁ OUTRAS PROVIDÊNCIAS",,"25/11/2021 15:21:38","25/11/2021 15:21:38",,"0"
"55","9","1","1973","2021","","INCLUI NO PERÍMETRO URBANO DO MUNICÍPIO A ÁREA QUE MENCIONA E DÁ OUTRAS PROVIDÊNCIAS.",,"25/11/2021 15:43:36","25/11/2021 15:43:36",,"0"
"56","9","1","1974","2021","","DISPÕE SOBRE O PLANO PLURIANUAL PARA O PERÍODO DE 2022 A 2025 E DÁ OUTRAS PROVIDÊNCIAS.",,"25/11/2021 15:53:39","25/11/2021 15:53:39",,"0"
"57","9","1","1975","2021","","NOMEIA DE “ESF II – DR. RENATO DUPRAT” O ESF II, SITUADO NA AV. MINAS GERAIS, Nº 69, CENTRO E DÁ OUTRAS PROVIDÊNCIAS.",,"25/11/2021 16:12:36","25/11/2021 16:12:36",,"0"
"58","3","1","0004","2021","","DISPÕE SOBRE A RECOMPOSIÇÃO DOS VENCIMENTOS DOS PROFESSORES DA EDUCAÇÃO BÁSICA EM CONSONÂNCIA COM O PISO NACIONAL, CONFORME VALORES ESTIPULADOS PELA LEI FEDERAL Nº 11.708/2008.",,"25/11/2021 16:23:53","25/11/2021 16:23:53",,"0"
"59","9","1","1976","2021","","DISPÕE SOBRE AS MEDIDAS A SEREM TOMADAS EM CASO DE EXTRAVIO DE DOCUMENTOS DO ACERVO DO MUNICÍPIO E DÁ OUTRAS PROVIDÊNCIAS. ",,"17/12/2021 15:53:28","17/12/2021 15:53:28",,"0"
"60","9","1","1977","2021","","AUTORIZA O PODER EXECUTIVO A CONCEDER INCENTIVO CULTURAL A ARTISTAS, MÚSICOS, DUPLAS, BANDAS E GRUPOS MUSICAIS DO MUNICÍPIO DE FRONTEIRA-MG, E DÁ OUTRAS PROVIDÊNCIAS.",,"17/12/2021 15:56:42","17/12/2021 15:56:42",,"0"
"61","9","1","1978","2021","","CRIA O PROGRAMA “NATAL FELIZ ” E AUTORIZA O MUNICÍPIO DE FRONTEIRA-MG A ADQUIRIR E DISTRIBUIR BRINQUEDOS A CRIANÇAS VULNERÁVEIS E DÁ OUTRAS PROVIDÊNCIAS.",,"17/12/2021 15:58:26","17/12/2021 15:58:26",,"0"
"62","9","1","1979","2021","","AUTORIZA A CONCESSÃO DE AUXÍLIO FINANCEIRO AO CONSELHO COMUNITÁRIO DE SEGURANÇA PÚBLICA E SOCIAL DE FRONTEIRA-MG (CONSEP) E DÁ OUTRAS PROVIDÊNCIAS",,"17/12/2021 16:00:00","17/12/2021 16:00:00",,"0"
"63","9","1","1980","2021","","ALTERA O ART. 1º DA LEI 1.928 DE 09 DE DEZEMBRO DE 2020 E DÁ OUTRAS PROVIDÊNCIAS",,"17/12/2021 16:02:14","17/12/2021 16:02:14",,"0"
"64","9","1","1981","2021","","INCLUI NO PERIMETRO URBANO DO MUNICÍPIO A ÁREA QUE MENCIONA E DÁ OUTRAS PROVIDÊNCIAS",,"17/12/2021 16:03:09","17/12/2021 16:03:09",,"0"
"65","9","1","1982","2021","","INSTITUI O CALENDÁRIO DE EVENTOS OFICIAL DO MUNICÍPIO DE FRONTEIRA E DÁ OUTRAS PROVIDÊNCIAS",,"17/12/2021 16:04:16","17/12/2021 16:04:16",,"0"
"66","9","1","1983","2021","","DISPÕE SOBRE A MODIFICAÇÃO DO INCISO I DO ARTIGO 4º DA LEI MUNICIPAL Nº 1.933 DE 28 DE DEZEMBRO DE 2020;",,"17/12/2021 16:18:42","17/12/2021 16:18:42",,"0"
"67","9","1","1984","2021","","AUTORIZA O PODER EXECUTIVO MUNICIPAL A PROMOVER PROCESSO DE TRANSFERENCIA DE IMÓVEIS NA FORMA QUE MENCIONA E DÁ OUTRAS PROVIDENCIAS; ",,"17/12/2021 16:22:49","17/12/2021 16:22:49",,"0"
"68","9","1","1985","2021","","AUTORIZA O PAGAMENTO DE PARCELA EXTRA AO SERVIDOR INSCRITO NO PROGRAMA DE VALORIZAÇÃO DO SERVIDOR PARA O EXERCÍCIO DE 2021;",,"17/12/2021 16:23:49","17/12/2021 16:23:49",,"0"
"69","9","1","1986","2021","","ESTIMA A RECEITA E FIXA A DESPESA DO MUNICÍPIO DE FRONTEIRA PARA O EXERCÍCIO DE 2022, E DÁ OUTRAS PROVIDÊNCIAS.",,"17/12/2021 16:24:49","17/12/2021 16:24:49",,"0"
"70","3","1","0005","2021","","DISPÕE SOBRE A CONVALIDAÇÃO DOS ATOS PRATICADOS NA CONCORRÊNCIA PÚBLICA Nº 003/2020 – PROCESSO 0028165, BASEADOS NA LEI Nº 1.913, DE 15 DE ABRIL DE 2020 E DÁ OUTRAS PROVIDÊNCIAS.",,"17/12/2021 16:28:28","17/12/2021 16:28:28",,"0"
"71","3","1","0006","2021","","AUTORIZA O MUNICÍPIO A PROCEDER COM A CONCESSÃO GRATUITA DE DIREITO REAL DE USO DA ÁREA QUE MENCIONA E DÁ OUTRAS PROVIDÊNCIAS.",,"17/12/2021 16:30:03","17/12/2021 16:30:03",,"0"
"72","3","1","0007","2021","","AUTORIZA O PODER EXECUTIVO MUNICIPAL A CONCEDER DESCONTO SOBRE OS JUROS E AS MULTAS DOS TRIBUTOS MUNICIPAIS NO EXERCÍCIO DE 2022 E DÁ OUTRAS PROVIDÊNCIAS.",,"17/12/2021 16:32:12","17/12/2021 16:32:12",,"0"
"73","1","1","6293","2021","","DISPÕE SOBRE O CRONOGRAMA DE VENCIMENTO DO IPTU(IMPOSTO PREDIAL E TERRITORIAL URBANO) DO EXERCÍCIO DE 2022 DO MUNICÍPIO DE FRONTEIRA-MG",,"27/12/2021 21:29:28","27/12/2021 21:29:28",,"0"
"74","1","1","6294","2021","","NOMEIA COMISSÃO PARA AVALIAÇÃO DOS IMÓVEIS URBANOS E RURAIS DO MUNICÍPIO DE FRONTEIRA-MG, PARA FINS DE IMPOSTO SOBRE TRANSMISSÃO INTER VIVOS, DE BENS IMÓVEIS E DE DIREITOS A ELES RELATIVOS (ITBI).",,"27/12/2021 21:31:17","27/12/2021 21:31:17",,"0"
"75","1","1","6925","2021","","ALTERA O CALENDÁRIO OFICIAL DE FERIADOS E PONTOS FACULTATIVOS PARA O EXERCÍCIO DE 2021 NO MUNICÍPÍO DE FRONTEIRA.",,"27/12/2021 21:32:35","27/12/2021 21:32:35",,"0"
"76","1","1","6099","2021","","INSTRUMENTO DE PERMISSÃO DE USO",,"27/12/2021 21:33:50","27/12/2021 21:33:50",,"0"
"77","9","1","1987","2022","","DISPÕE SOBRE A CRIAÇÃO DO CONSELHO MUNICIPAL DE DESENVOLVIMENTO ECONOMICO SUSTENTÁVEL E DÁ OUTRAS PROVIDÊNCIAS.",,"7/2/2022 13:54:25","7/2/2022 13:54:25",,"0"
"80","13","1","6346","2022","","DISPÕE SOBRE A ADOÇÃO DE MEDIDAS DE CARÁTER EMERGENCIAL DE PREVENÇÃO NO CONTEXTO DA PANDEMIA DO COVID-19, NO MUNICÍPIO DE FRONTEIRA E DÁ OUTRAS PROVIDÊNCIAS; ",,"7/2/2022 14:59:29","7/2/2022 14:59:29",,"0"
"81","1","1","6308","2022","","CALENDÁRIO OFICIAL DE FERIADOS E PONTOS FACULTATIVOS PARA O EXERCÍCIO DE 2022 NO MUNICÍPIO DE FRONTEIRA",,"10/2/2022 15:53:52","10/2/2022 15:53:52",,"0"
"82","9","1","1988","2022","","REALOCAÇÃO ORÇAMENTÁRIA",,"10/2/2022 15:56:39","10/2/2022 15:56:39",,"0"
"83","9","1","1989","2022","","DISPÕE SOBRE A APREENSÃO, REGISTRO E CADASTRAMENTO DE ANIMAIS DE GRANDE PORTE SOLTOS NAS VIAS E LOGRADOUROS PÚBLICOS DA ZONA URBANA E RURAL DO MUNICÍPIO DE FRONTEIRA-MG E DÁ OUTRAS PROVIDÊNCIAS.",,"11/2/2022 15:11:56","11/2/2022 15:11:56",,"0"
"84","9","1","1990","2022","","CONCEDE SUBVENÇÃO SOCIAL AO ABRIGO GABRIEL LUIZ RIBEIRO E DÁ OUTRAS PROVIDÊNCIAS.",,"11/2/2022 15:13:12","11/2/2022 15:13:12",,"0"
"85","9","1","1991","2022","","CONCEDE SUBVENÇÃO SOCIAL A APAE (ASSOCIAÇÃO DE PAIS E AMIGOS DOS EXCEPCIONAIS) E DÁ OUTRAS PROVIDÊNCIAS.",,"11/2/2022 15:13:58","11/2/2022 15:13:58",,"0"
"86","9","1","1992","2022","","CONCEDE SUBVENÇÃO SOCIAL À ASSISTÊNCIA SOCIAL – ASILO PIO XII E DÁ OUTRAS PROVIDÊNCIAS.",,"11/2/2022 15:14:37","11/2/2022 15:14:37",,"0"
"87","9","1","1993","2022","","CONCEDE SUBVENÇÃO SOCIAL AO CENTRO DE RECUPERAÇÃO DO ALCOÓLATRA (CEREA) E DÁ OUTRAS PROVIDÊNCIAS.",,"11/2/2022 15:15:19","11/2/2022 15:15:19",,"0"
"88","9","1","1994","2022","","CONCEDE SUBVENÇÃO SOCIAL AO CONSELHO COMUNITÁRIO DE SEGURANÇA PÚBLICA E SOCIAL DE FRONTEIRA-MG (CONSEP) E DÁ OUTRAS PROVIDÊNCIAS.",,"11/2/2022 15:16:45","11/2/2022 15:16:45",,"0"
"89","9","1","1995","2022","","CONCEDE SUBVENÇÃO SOCIAL A ASSOCIAÇÃO DE APRENDIZAGEM E CIDADANIA DE FRONTEIRA-MG (GUARDA MIRIM DE FRONTEIRA – GMF) E DÁ OUTRAS PROVIDÊNCIAS.",,"11/2/2022 15:19:15","11/2/2022 15:19:15",,"0"
"90","1","1","6386","2022","","ALTERA O CALENDÁRIO OFICIAL DE FERIADOS E PONTOS FACULTATIVOS PARA O EXERCÍCIO DE 2022 NO MUNICÍPIO DE FRONTEIRA",,"22/2/2022 16:31:49","22/2/2022 16:31:49",,"0"
"91","13","1","6387","2022","","DISPÕE SOBRE A REVOGAÇÃO DE ATO NORMATIVO SOBRE MEDIDAS SANITÁRIAS ACERCA DA PANDEMIA DE COVID-19 ",,"24/2/2022 15:44:24","24/2/2022 15:44:24",,"0"
"92","9","1","1996","2022","","CONCEDE SUBVENÇÃO SOCIAL AO SINDICATO RURAL DE FRONTEIRA E DÁ OUTRAS PROVIDÊNCIAS.",,"14/3/2022 13:18:24","14/3/2022 13:18:24",,"0"
"93","9","1","1997","2022","","DISPÕE SOBRE A ABERTURA DE CRÉDITO ADICIONAL ESPECIAL NO ORÇAMENTO VIGENTE PARA A INCLUSÃO DE AÇÃO EM PROGRAMA DO PPA, LDO e LOA E DÁ OUTRAS PROVIDÊNCIAS",,"14/3/2022 13:19:56","14/3/2022 13:19:56",,"0"
"94","9","1","1998","2022","","AUTORIZA A ALIENAÇÃO DE BENS MÓVEIS E DÁ OUTRAS PROVIDÊNCIAS.",,"14/3/2022 13:23:59","14/3/2022 13:23:59",,"0"
"95","13","1","6407","2022","","DISPÕE SOBRE A REVOGAÇÃO DE ATO NORMATIVO REFERENTE ÀS MEDIDAS SANITÁRIAS ACERCA DA PANDEMIA COVID-19;",,"30/3/2022 13:25:25","30/3/2022 13:25:25",,"0"
"96","13","1","6409","2022","","DISPÕE SOBRE A UTILIZAÇÃO DE MÁSCARAS NA UNIDADE MISTA DE SAÚDE (UMS) E UNIDADES DE ESTRATÉGIA SAÚDE DA FAMÍLIA (ESF) DURANTE A PANDEMIA DE COVID-19",,"1/4/2022 15:15:26","1/4/2022 15:15:26",,"0"
"97","9","1","1999","2022","","AUTORIZA O PODER EXECUTIVO MUNICIPAL A PROMOVER PROCESSO DE TRANSFERENCIA DE IMÓVEIS NA FORMA QUE MENCIONA E DA OUTRAS PROVIDÊNCIAS;",,"1/4/2022 15:49:41","1/4/2022 15:49:41",,"0"
"98","9","1","2000","2022","","AUTORIZA A CONCESSÃO DE REPASSES FINANCEIROS AS CAIXAS ESCOLARES DO MUNICÍPIO PARA O EXERCÍCIO DE 2022 E DA OUTRAS PROVIDÊNCIAS;",,"1/4/2022 15:50:23","1/4/2022 15:50:23",,"0"
"99","9","1","2001","2022","","ALTERA NO ART 1º DA LEI Nº 1.997/2022, O CÓDIGO DA FONTE DE RECURSOS E DESCRIÇÃO NO QUADRO DE CRIAÇÃO DE NOVA DOTAÇÃO ORÇAMENTÁRIA E DA OUTRAS PROVIDÊNCIAS;",,"1/4/2022 15:51:25","1/4/2022 15:51:25",,"0"
"100","13","1","5846","2021","","DECLARA ESTADO DE CALAMIDADE PÚBLICA NO MUNICÍPIO DE FRONTEIRA EM DECORRÊNCIA DA PANDEMIA DE COVID-19",,"18/4/2022 14:01:12","18/4/2022 14:01:12",,"0"
"101","13","1","6085","2021","","AMPLIA O PERÍODO DE DECLARAÇÃO DE ESTADO DE CALAMIDADE PÚBLICA NO MUNICÍPIO DE FRONTEIRA EM DECORRÊNCIA DA PANDEMIA DE COVID-19.",,"18/4/2022 14:06:49","18/4/2022 14:06:49",,"0"
"102","3","1","0002","2022","","AUTORIZA A RECOMPOSIÇÃO DA BASE REMUNERATÓRIA DOS AGENTES PÚBLICOS DO MUNICÍPIO DE FRONTEIRA.",,"26/4/2022 13:57:30","26/4/2022 13:57:30",,"0"
"103","3","1","0003","2022","","DISPÕE SOBRE A CONVALIDAÇÃO DA LEI Nº 1.879, DE 19 DE NOVEMBRO DE 2019 E DÁ OUTRAS PROVIDÊNCIAS.",,"26/4/2022 13:59:33","26/4/2022 13:59:33",,"0"
"104","9","1","2003","2022","","INSTITUI NO MUNICÍPIO DE FRONTEIRA O PRÊMIO ALUNO ESPORTISTA DO ANO E DÁ OUTRAS PROVIDÊNCIAS.",,"26/4/2022 14:01:09","26/4/2022 14:01:09",,"0"
"105","9","1","2002","2022","","INSTITUI O PROGRAMA “MEDICAMENTO EM CASA” NO MUNICÍPIO E DÁ OUTRAS PROVIDÊNCIAS",,"26/4/2022 14:03:02","26/4/2022 14:03:02",,"0"
"106","1","1","6446","2022","","Declara de Utilidade Pública, imóvel urbano, para fins de abertura de ruas em área urbana para acesso a imóvel Público.",,"18/5/2022 13:38:04","18/5/2022 13:42:27",,"0"
"107","1","1","6447","2022","","FIXA PRAZO PARA PRÁTICA DOS ATOS DOS ÓRGÃOS DESTE MUNICIPIO, E DÁ OUTRAS PROVIDÊNCIAS.",,"18/5/2022 14:06:34","18/5/2022 14:06:34",,"0"
"108","1","1","6448","2022","","ALTERA DECRETO 6293, REFERENTE CRONOGRAMA DE VENCIMENTO IPTU EXERCÍCIO 2022 - MUNICIPIO FRONTEIRA MG.",,"18/5/2022 14:09:47","18/5/2022 14:09:47",,"0"
"109","9","1","2004","2022","","DISPÕE SOBRE A INSTITUIÇÃO DA COMISSÃO INTERNA DE PREVENÇÃO DE ACIDENTES - CIPA  NO ÂMBITO DO MUNICIPIO DE FRONTEIRA MG E DÁ OUTRAS PROVIDÊNCIAS.",,"18/5/2022 14:14:09","18/5/2022 14:14:09",,"0"
"111","3","2","0004","2022","","REVOGA LEI COMPLEMENTAR 002 DE 09 DE JUNHO DE 2021 E DÁ OUTRAS PROVIDÊNCIAS.",,"18/5/2022 14:24:19","18/5/2022 14:24:19",,"0"
"112","1","1","6455","2022","","INSTITUI, NOMEIA E EMPOSSA OS MEMBROS DO COMITÊ TÉCNICO MUNICIPAL DE PROMOÇÃO DA EQUIDADE EM SAÚDE E DÁ OUTRAS PROVIDÊNCIAS.",,"24/5/2022 15:09:55","24/5/2022 15:11:54",,"0"
"113","1","1","6452","2022","","INSTITUI AS COMISSÕES DE DESENVOLVIMENTO FUNCIONAL E A COMISSÃO DE REVISÃO DE DESEMPENHO PARA EFEITO DE AVALIAÇÃO DE DESENVOLVIMENTO FUNCIONAL DOS SERVIDORES DA SECRETARIA MUNICIPAL DE EDUCAÇÃO E DÁ OUTRAS PROVIDÊNCIAS.",,"2/6/2022 14:19:58","2/6/2022 14:19:58",,"0"
"114","1","1","6456","2022","","NOMEIA E EMPOSSA MEMBROS DO CONSELHO ASSISTÊNCIA SOCIAL.",,"7/6/2022 15:59:28","7/6/2022 15:59:28",,"0"
"115","9","1","2006","2022","","AUTORIZA O MUNICÍPIO DE FRONTEIRA A CONTRATAR COM O BANCO DE DESENVOLVIMENTO DE MINAS GERIAS S/A - BDMG, OPERAÇÕES DE CRÉDITO COM OUTORGA DE GARANTIA E DÁ OUTRAS PROVIDÊNCIAS.",,"21/6/2022 13:36:27","21/6/2022 13:38:34",,"0"
"116","9","1","2007","2022","","AUTORIZA O PODER EXECUTIVO A PREMIAR OS VENCEDORES DOS EVENTOS ESPORTIVOS E CULTURAIS MUNICIPAIS NA FORMA MENCIONADA E DÁ OUTRAS PROVIDÊNCIAS.",,"21/6/2022 13:40:19","21/6/2022 13:40:19",,"0"
"117","1","1","6475","2022","","DISPÓE SOBRE A NOMEAÇÃO E POSSE DOS MEBROS DO COMITÊ DIRETOR DO PLANO MUNICIPAL DE GESTÃO INTEGRADA DE RESIDUOS SOLIDOS - PMGIRS DE FRONTEIRA -MG, E DÁ OUTRAS PROVIDÊNCIAS.",,"21/6/2022 13:43:53","21/6/2022 13:43:53",,"0"
"118","1","1","6483","2022","","DISPÕE SOBRE A CRIAÇÃO DO CONSELHO MUNICIPAL DE CONTROLE SOCIAL DE SANEAMENTO BÁSICO NO ÂMBITO DO MUNICIPIO DE FRONTEIRA MG E DÁ OUTRAS PROVIDÊNCIAS.",,"27/6/2022 16:00:15","27/6/2022 16:00:15",,"0"
"119","11","1","7089","2022","","NOMEIA A COMISSÃO DE PROCESSO ADMINISTRATIVO DISCIPLINAR, REGULAMENTANDO O TRABALHO DA COMISSÃO CONFORME DISPÕE DECRETO 5.810 DE 01-01-2021.",,"27/6/2022 16:05:16","27/6/2022 16:05:16",,"0"
"120","9","1","2008","2022","","DISPÕE SOBRE A ABERTURA DE CRÉDITO ADICIONAL SUPLEMENTAR NO ORÇAMENTO VIGENTE E DÁ OUTRAS PROVIDÊNCIAS.",,"27/6/2022 16:07:35","27/6/2022 16:07:35",,"0"
"121","1","1","6486","2022","","ALTERA  O CRONOGRAMA DE VENCIMENTO DO IPTU (IMPOSTO PREDIAL E TERRITORIAL URBANO), DO EXERCICIO 2022 DO MUNICÍPIO DE FRONTEIRA E REVOGA O DECRETO 6.293 DE 17 DE DEZEMBRO DE 2021.",,"7/7/2022 14:12:53","7/7/2022 14:12:53",,"0"
"123","9","1","2009","2022","","DISPÕE SOBRE ABERTURA DE CRÉDITO ADICIONAL ESPECIAL NO ORÇAMENTO VIGENTE PARA A INCLUSÃO DE AÇÃO EM PROGRAMA DO PPA, LDO E LOA E DÁ OUTRAS PROVIDÊNCIAS.",,"28/7/2022 08:25:23","28/7/2022 08:25:23",,"0"
"124","9","1","2010","2022","","NOVA DENOMINAÇÃO DA AVENIDA DOS ESPORTES",,"2/8/2022 10:56:09","2/8/2022 10:56:09",,"0"
"125","11","1","7093","2022","","NOMEIA COMISSÃO DE PROCESSO ADM DISCIPLINAR, REGULAMENTANDO O TRABALHO DA COMISSÃO CONFORME DISPÕE DECRETO 5.810.",,"2/8/2022 10:59:21","2/8/2022 10:59:21",,"0"
"126","11","1","7095","2022","","ALTERA PORTARIA 6.995 - DESIGNA SERVIDOR MUNICIPAL RESPONSÁVEL CADASTRAMENTO UMC-INCRA",,"18/8/2022 10:14:07","18/8/2022 10:14:07",,"0"
"127","11","1","7090","2022","","NOMEIA NAGILA MEZADRE - AGENTE DESENVOLVIMENTO SEBRAE",,"18/8/2022 10:17:03","18/8/2022 10:17:03",,"0"
"128","11","1","7096","2022","","DESIGNA SERVIDOR EXERCER FUNÇÃO AGENTE DESENVOLVIMENTO SEBRAE",,"18/8/2022 10:18:57","18/8/2022 10:18:57",,"0"
"130","3","1","0006","2022","","SOBRE PISO SALARIAL AGENTES DE COMBATE ÀS  ENDEMIAS E AGENTES COMUNITÁRIOS",,"18/8/2022 10:23:29","18/8/2022 10:23:29",,"0"
"131","9","1","1970","2021","","INCLUI PERÍMETRO URBANO NO MUNICÍPIO A ÁREA QUE MENCIONA.",,"18/8/2022 15:57:06","18/8/2022 15:57:06",,"0"
"132","3","1","0005","2022","","Lei seis horas",,"25/8/2022 08:36:48","25/8/2022 08:36:48",,"0"
"136","9","1","2012","2022","","DISPÓE SOBRE ABERTURA DE CRÉDITO ADICIONAL SUPLEMENTAR NO ORÇAMENTO E DÁ OUTRAS PROVIDÊNCIAS.",,"31/8/2022 08:30:33","31/8/2022 08:30:33",,"0"
"137","9","1","2013","2022","","DISPÓE SOBRE ABERTURA DE CRÉDITO ADICIONAL SUPLEMENTAR NO ORÇAMENTO E DÁ OUTRAS PROVIDÊNCIAS.",,"31/8/2022 08:33:05","31/8/2022 08:33:05",,"0"
"138","9","1","2014","2022","","DISPÓE SOBRE ABERTURA DE CRÉDITO ADICIONAL SUPLEMENTAR NO ORÇAMENTO E DÁ OUTRAS PROVIDÊNCIAS.",,"31/8/2022 08:36:43","31/8/2022 08:36:43",,"0"
"139","9","1","2015","2022","","DISPÕE SOBRE MODIFICAÇÃO DO INCISO I ART. 4º LEI MUNICPAL 1.986 DE 15 DEZEMBRO 2021 E DA OUTRAS PROVIDÊNCIAS.",,"31/8/2022 08:38:58","31/8/2022 08:38:58",,"0"
"140","9","1","2016","2022","","DISPÕE SOBRE ABERTURA DE CRÉDITO ADICIONAL ESPECIAL NO ORÇAMENTO E DÁ OUTRAS PROVIDÊNCIAS.",,"31/8/2022 08:40:47","31/8/2022 08:40:47",,"0"
"141","9","1","2017","2022","","DISPÕE SOBRE ABERTURA DE CRÉDITO ADICIONAL SUPLEMENTAR NO ORÇAMENTO E DÁ OUTRAS PROVIDÊNCIAS.",,"31/8/2022 08:42:34","31/8/2022 08:42:34",,"0"
"142","9","1","2018","2022","","DISPÕE SOBRE ABERTURA DE CRÉDITO ADICIONAL ESPECIAL NO ORÇAMENTO E DÁ OUTRAS PROVIDÊNCIAS.",,"31/8/2022 08:43:59","31/8/2022 08:43:59",,"0"
"143","9","1","2019","2022","","DISPÕE SOBRE ABERTURA DE CRÉDITO ADICIONAL SUPLEMENTAR NO ORÇAMENTO E DÁ OUTRAS PROVIDÊNCIAS.",,"31/8/2022 08:46:46","31/8/2022 08:46:46",,"0"
"144","9","1","2020","2022","","DIRETRIZES PARA ELABORAÇÃO E EXECUÇÃO LEI ORÇAMENTÁRIA EXERCÍCIO FINANCEIRO ANO 2023 E DÁ OUTRAS PROVIDÊNCIAS.",,"20/9/2022 08:28:04","20/9/2022 08:28:04",,"0"
"145","9","1","2021","2022","","DISPÕE SOBRE ABERTURA CRÉDITO ADICIONAL SUPLEMENTAR NO ORÇAMENTO E DÁ OUTRAS PROVIDÊNCIAS.",,"20/9/2022 08:30:24","20/9/2022 08:30:24",,"0"
"146","9","1","2022","2022","","ALTERA § 1º DO ART 3º DA LEI 1.804 DE 25 DE ABRIL DE 2018 PARA RECOMPOR PARÂMETROS CONCESSÃO AUXILIO ALIMENTAÇÃO",,"20/9/2022 08:32:33","20/9/2022 08:32:33",,"0"
"147","9","1","2023","2022","","ABERTURA DE CREDITO ADICONAL SUPLEMENTAR NO ORÇAMENTO E DÁ OUTRAS PROVIDÊNCIAS - VAN",,"20/9/2022 08:34:23","20/9/2022 08:34:23",,"0"
"148","9","1","2024","2022","","ABERTURA DE CREDITO ADICONAL SUPLEMENTAR NO ORÇAMENTO E DÁ OUTRAS PROVIDÊNCIAS - MURO PARQUE EXPOSIÇÕES",,"20/9/2022 08:36:10","20/9/2022 08:36:10",,"0"
"149","9","1","2025","2022","","ABERTURA DE CREDITO ADICONAL ESPECIAL NO ORÇAMENTO E DÁ OUTRAS PROVIDÊNCIAS - VESTIÁRIO ESTÁDIO MAURICIO GOULART.",,"20/9/2022 08:37:59","20/9/2022 08:37:59",,"0"
"150","9","1","2026","2022","","ABERTURA DE CREDITO ADICONAL SUPLEMENTAR NO ORÇAMENTO E DÁ OUTRAS PROVIDÊNCIAS - TERCEIRA ETAPA URBANIZAÇÃO ORLA JAERDIM VERANEIO.",,"20/9/2022 08:40:00","20/9/2022 08:40:00",,"0"
"151","9","1","2027","2022","","AUTORIZA A SUPLEMENTAÇÃO E CRIAÇÃO FONTES EM DOTAÇÃO CRIADA POR MEIO DE CRÉDITO ESPECIAL NO ORÇAMENTO VIGENTE DESTINADA A CONSTRUÇÃO DA QUADRA POLIESPORTIVA ESCOLA MUNIC. ABC AUTORIZADA PELA LEI 2.009 DE 15 DE JULHO DE 2022.",,"20/9/2022 08:42:29","20/9/2022 08:42:29",,"0"
"152","9","1","2028","2022","","CONCEDE SUBVENÇÃO SOCIAL À ASSOCIAÇÃO BENEFICENTE E CULTURAL FREI ODORICO VIRGA E DÁ OUTRAS PROVIDÊNCIAS.",,"20/9/2022 08:44:07","20/9/2022 08:44:07",,"0"
"153","9","1","2029","2022","","CONCEDE SUBVENÇÃO SOCIAL À FUNDAÇÃO PIO XII - HOSPITAL DO AMOR - BARRETOS E DÁ OUTRAS PROVIDÊNCIAS.",,"20/9/2022 08:45:54","20/9/2022 08:45:54",,"0"
"154","1","2","6560","2022","","DEFINE CRITÉRIO DE ESCOLHA DE DIRETORES DAS INSTITUIÇÕES DE ESNSINO DA REDE MUNICIPAL.",,"23/9/2022 14:23:21","15/3/2023 15:25:36",,"0"
"155","9","1","2030","2022","","ABERTURA CRÉDITO ADICIONAL - AQUISIÇÃO TERRENOS CONSTRUÇÃO ROTATÓRIA.",,"30/9/2022 16:18:15","30/9/2022 16:18:15",,"0"
"156","9","1","2031","2022","","AUTORIZA CONCEÇÃO DE SUBVENÇÃO SOCIAL AO CONSELHO COMUTÁRIO DE SEGURANÇA PÚBLICA - REFORMA PC.",,"30/9/2022 16:24:01","30/9/2022 16:24:01",,"0"
"158","9","1","2032","2022","","INCLUI NO PERÍMETRO URBANO DO MUNICÍPIO A ÁREA QUE MENCIONA E DÁ OUTRAS PROVIDÊNCIAS",,"5/10/2022 15:29:16","5/10/2022 15:30:37",,"0"
"159","1","1","6601","2022","","LUTO JOSÉ CAPRISTO",,"26/10/2022 19:05:39","26/10/2022 19:05:39",,"0"
"160","1","1","6602","2022","","LUTO CLAUDIO ANDRADE DE MELO",,"1/11/2022 11:21:35","1/11/2022 11:21:35",,"0"
"162","1","1","6603","2022","","LUTO MARIO AUGUSTO DOS SANTOS (MARÃO )",,"3/11/2022 09:04:24","3/11/2022 09:04:24",,"0"
"163","9","1","2033","2022","","SUBVENÇÃO SOCIAL CONSELHO COMUNITÁRIO SEGURANÇA PÚBLICA E SOCIAL FRONTEIRA MG, (CONSEP) POLICIA MILITAR .",,"3/11/2022 10:29:27","3/11/2022 10:29:27",,"0"
"164","9","1","2034","2022","","PROIBE USO E COMERCIALIZAÇÃO DE CEROLOU QUALQUER MATERIAL CORTANTE",,"8/11/2022 16:17:47","8/11/2022 16:17:47",,"0"
"165","9","1","2035","2022","","DIRETRIZES PARA IMPLANTAÇÃO PROGRAMA SAÚDE NO CAMPO",,"8/11/2022 16:19:24","8/11/2022 16:19:24",,"0"
"167","1","1","6623","2022","","LUTO Sr. JAWAD HASSAN SIMBOLÉ",,"10/11/2022 10:49:04","10/11/2022 10:49:04",,"0"
"169","9","1","2037","2022","","DISPÕE SOBRE ABERTURA DE CRÉDITO ADICIONAL SUPLEMENTAR NO ORÇAMENTO VIGENTE E DÁ OUTRAS PROVIDÊNCIAS.",,"17/11/2022 15:10:51","17/11/2022 15:10:51",,"0"
"170","3","1","0007","2022","","DISPÕE SOBRE A ESTRUTURA ADM DA PREFEITURA MUNIC DE FRONTEIRA, REVOGA A LEI COMPL. 07 DE 19 DE DEZEMBRO DE 2017 E A LEGISLAÇÃO POSTERIOR QUE A ALTEROU, E DÁ OUTRAS PROVIDÊNCIAS.",,"17/11/2022 15:14:55","17/11/2022 15:14:55",,"0"
"171","9","1","2036","2022",""," AUTORIZA PODER EXECUTIVO MUNICIPAL PROMOVER PORCESSO DE TRANSFERENCIA DE IMOVEIS NA FORMA QUE MENCIONA E DÁ OUTRAS PROVIDÊNCIAS.",,"17/11/2022 15:22:06","17/11/2022 15:22:06",,"0"
"172","11","1","7100","2022","","DISPÕE SOBRE HORÁRIO FUNCIONAMENTO PREFEITURA MUNICIPAL FRONTEIRA EM DIAS JOGOS DO BRASIL COPA DO MUNDO FIFA 2022 E DÁ OUTRAS PROVIDÊNCIAS.",,"18/11/2022 16:41:10","18/11/2022 16:41:10",,"0"
"173","15","1","1811","2022","","PARECER DO VICE-PRESIDENTE DA CTARF (PRESIDENTE EM EXERCÍCIO)",,"23/11/2022 14:41:41","23/11/2022 15:15:30",,"0"
"174","8","1","0009","2022","","RESOLUÇÃO CMAS Nº 009/2022",,"1/12/2022 16:21:42","1/12/2022 16:21:42",,"0"
"175","1","1","6637","2022","","ESTABELECE HORÁRIO ESPECIAL DE TENDIMENTO AO PÚBLICO E FUNCIONAMENTO DAS SECRETÁRIAS E ÓRGÃOS MUNICIPAIS E DÁ OUTRAS PROVIDÊNCIAS.",,"7/12/2022 10:32:46","7/12/2022 10:32:46",,"0"
"176","9","1","2011","2022","","TRANSFERÊNCIA DE IMÓVEIS NA FORMA QUE MENCIONA",,"13/12/2022 14:18:39","13/12/2022 14:18:39",,"0"
"177","1","1","6653","2022","","APROVA CALENDÁRIO OFICIAL DE FERIADO E PONTOS FACULTATIVOS PARA O EXERCÍCIO DE 2023 NO MUNICIPIO DE FRONTEIRA .",,"13/12/2022 15:49:22","13/12/2022 15:49:22",,"0"
"178","1","1","6638","2022","","ALTERA DATA REALIZAÇÃO AVALIAÇÃO MÉRITO E DESEMPENHO NA CONFORMIDADE DO DECRETO 6.563 DE 12 DE SETEMBRO DE 2022.",,"13/12/2022 15:51:24","13/12/2022 15:51:24",,"0"
"180","1","1","6654","2022","","LUTO OFICIAL FALECIMENTO Sr. VALDIR FERENANDES DOS SANTOS - PAI VEREADOR OSMAR NERES DOS SANTOS - OSMAR BAIANINHO.",,"16/12/2022 14:10:40","16/12/2022 14:10:40",,"0"
"181","3","1","0008","2022","","CRIA COORDENADORIA MUNICIPAL DE PROTEÇÃO E DEFESA CIVIL (COMPDEC) ",,"20/12/2022 16:59:10","20/12/2022 16:59:10",,"0"
"182","3","1","0009","2022","","ADEQUAÇÃO RELATIVA AO CARGO COORDENADOR OBRAS ",,"20/12/2022 17:05:08","20/12/2022 17:05:08",,"0"
"183","3","1","0010","2022","","INSTITUI PROGRAMA DE RECUPERAÇÃO FISCAL (REFIS)",,"20/12/2022 17:06:48","20/12/2022 17:06:48",,"0"
"184","9","1","2038","2022","","AUTORIZA MUNICIPIO CELEBRAR CONVENIO COM EMPRESA DE ASSISTÊNCIA TÉCNICA E EXTENSÃO RURAL DO ESTADO DE MINAS GERAIS - EMATER - MG.",,"20/12/2022 17:08:55","20/12/2022 17:08:55",,"0"
"190","9","1","2039","2022","","AUTORIZA A CONCESSÃO DE CUSTEIO E OU SUBVENÇÃO ENTIDADES FILANTRÓPICAS E SINDICATOS .",,"20/12/2022 17:14:57","20/12/2022 17:14:57",,"0"
"191","9","1","2040","2022","","PAGAMENTO PARCELA EXTRA PROGRAMA VALORIZAÇÃO SERVIDOR",,"20/12/2022 17:16:02","20/12/2022 17:16:02",,"0"
"192","9","1","2041","2022","","REALOCAÇÃO SALDOS DOTAÇÃO ORÇAMENTÁRIAS EXERCICIO 2023.",,"20/12/2022 17:17:32","20/12/2022 17:17:32",,"0"
"193","9","1","2042","2022","","ALTERA ART. 1ºLEI 1961 DE 12 DE AGOSTO DE 2021 - DENOMINA CRECHE DINA ALICE PARA CENTRO MUNICIPAL DE EDUCAÇÃO INFANTIL DONA ALICE.",,"20/12/2022 17:19:06","20/12/2022 17:19:06",,"0"
"194","9","1","2043","2022","","CONVENIO POLICIA MILITAR E POLICIA MILITAR DO MEIO AMBIENTE DO ESTADO DE MINAS GERAIS.",,"20/12/2022 17:20:24","20/12/2022 17:20:24",,"0"
"195","9","1","2044","2022","","DENOMINA PRAÇA COHAB - PRAÇA SAID FERES",,"20/12/2022 17:21:23","20/12/2022 17:21:23",,"0"
"196","9","1","2045","2022","","EXTIMA RECEITA E FIXA DESPESA EXERCICIO 2023.",,"20/12/2022 17:22:20","20/12/2022 17:22:20",,"0"
"197","1","1","6765","2023","","NOMEIA SERVIDOR PARA COMPOREM COMISSÃO PERMANENTE DE LICITAÇÃO",,"11/1/2023 10:12:37","11/1/2023 10:12:37",,"0"
"198","1","1","6766","2023","","NOMEIA SERVIDORES PARA COPOREM A COMISSÃO DE PREGÃO PRESENCIALE ELETRONICO ",,"11/1/2023 10:14:09","11/1/2023 10:14:09",,"0"
"199","1","1","6784","2023","","DETERMINA BAIXA PATROMONIO PÚBLICO DOS BENS MÓVEIS QUE ESPECIFICA.",,"11/1/2023 10:15:55","11/1/2023 10:15:55",,"0"
"200","1","1","6787","2023","","DESAPROPRIAÇÃO PELA COPASA IMÓVEIS NECESSÁRIOS AOS SISTEMAS ESGOTAMENTO SANITÁRIO EABASTECIMENTODE ÁGUA DO MUNICIPIO DE FRONTEIRAMG.",,"12/1/2023 16:05:24","12/1/2023 16:05:24",,"0"
"201","10","1","0001","2023","","TERMO ASSOCIATIVO - MUNICIPIO DE FRONTEIRA - MG E ASSOCIAÇÃO DO CIRCUITO TURÍSTICO ROTA DO TRINÂNGULO",,"18/1/2023 15:19:37","18/1/2023 15:19:37",,"0"
"202","1","1","6794","2023","","DECLARA VACÂNCIA DE CARGO PÚBLICO OCUPADO PELO SERVIDOR CARMO ANTONIO REIS EM RAZÃO DA  APOSENTADORIA E DÁ OUTRAS PROVIDÊNCIAS .",,"19/1/2023 16:13:18","19/1/2023 16:13:18",,"0"
"203","1","1","6795","2023","","DECLARA VACÂNCIA DE CARGO PÚBLICO OCUPADO PELO SERVIDOR JAIME SOUZA GONÇA~LVES EM RAZÃO DA  APOSENTADORIA E DÁ OUTRAS PROVIDÊNCIAS .",,"19/1/2023 16:14:29","19/1/2023 16:14:29",,"0"
"204","1","1","6734","2023","","NOMEIA GESTORA  MUNICIPAL DA EDUCAÇÃO - CARLA PEIXOTO",,"23/1/2023 14:35:17","23/1/2023 14:35:17",,"0"
"205","1","1","6782","2023","","DISPÕE SOBRE APROVAÇÃO DE LOTEAMENTO DENOMINADO QUINTAS REAL E DÁ OUTRAS PROVIDÊNCIAS.",,"30/1/2023 10:34:07","30/1/2023 10:34:07",,"0"
"206","1","1","6781","2023","","DISPÕE SOBRE NOMEAÇÃO COMISSÃO ESPECIAL AVALIAÇÃO DE VEÍCULOS .",,"30/1/2023 10:36:04","30/1/2023 10:36:04",,"0"
"208","17","1","0002","2023","","OFICIO 002-2023-INDICAÇÃO DIRIGENTE MUNICIPAL DE EDUCAÇÃO PARA OPERACIONALIZAÇÃP SISCACS",,"31/1/2023 16:12:08","31/1/2023 16:12:08",,"0"
"209","18","1","0001","2023","","TERMO DE POSSE E EXERCÍCIO - SECRETÁRIA MUNICIPAL DE EDUCAÇÃO -  CARLA PEIXOTO ",,"31/1/2023 16:13:59","31/1/2023 16:13:59",,"0"
"210","1","1","5988","2021","","FUNDEB",,"14/2/2023 08:50:14","14/2/2023 08:50:14",,"0"
"211","1","1","6687","2022","","NOMEAÇÃO MEMBROS E SUPLENTES COMPOR CONSELHO MUNICIPAL EDUCAÇÃO.",,"14/2/2023 09:33:33","14/2/2023 09:33:33",,"0"
"212","1","1","6688","2022","","NOMEAÇÃO MEMBROS E SUPLENTES CONSELHO MUNICIPAL E ACOMPANHAMENTO CONTROLE FUNDO MANUTENÇÃO DESENVOLVIMENTO DA EDUCAÇÃO BÁSICA - CACS FUNDEB",,"14/2/2023 09:35:57","14/2/2023 09:35:57",,"0"
"213","1","1","6812","2023","","ALTERA DECRETO 6.653 - APROVA CALENDÁRIO OFICIAL DE FERIADOS E PONTO FACULTATIVO PARA O ANO DE 2023.",,"14/2/2023 16:32:17","14/2/2023 16:32:17",,"0"
"214","1","1","6813","2023","","ALTERA DECRETO 6.781 NOMEAÇÃO COMISSÃO ESPECIAL AVALIAÇÃO DE VEÍCULOS",,"14/2/2023 16:56:56","14/2/2023 16:56:56",,"0"
"216","1","1","6822","2023","","DESAPROPRIAÇÃO DE PLENO DOMINIO E CONSTITUIÇÃO DE SERVIDÃO PELA COMPANHIA DE SANEAMENTO BÁSICO DE MINAS GERAIS - COPASA MG - IMÓVEIS NECESSÁRIOS AOSISTEMA DE ESGOTAMENTO SANITÁRIO E ABASTECIMENTO DE ÁGUA DO MUNICIPIO.",,"23/2/2023 11:08:11","23/2/2023 11:08:11",,"0"
"217","19","1","0001","2023",""," ATA  PARA ELEIÇÃO DE REPRESENTANTES DA EDUCAÇÃO BÁSICA",,"2/3/2023 16:44:03","2/3/2023 16:44:03",,"0"
"218","19","1","0002","2023","","ATA PARA  ELEIÇÃO DE REPRESENTANTES DOS SERVIDORES TÉCNICOS ADMINISTRATIVOS",,"2/3/2023 16:45:25","2/3/2023 16:45:25",,"0"
"219","19","1","0003","2023","","ATA PARA ELEIÇÃO DE REPRESENTANTES DE DIRETORAS DA EDUCAÇÃO BÁSICA PÚBLICA MUNICIPAL",,"2/3/2023 16:46:27","2/3/2023 16:46:27",,"0"
"220","19","1","0004","2023","","ATA PARA ELEIÇÃO DE REPRESENTANTES DOS PAIS DE ALUNOS DA EDUCAÇÃO BÁSICA",,"2/3/2023 16:47:29","2/3/2023 16:47:29",,"0"
"221","19","1","0005","2023","","ATA PARA ELEIÇÃO DE REPRESENTANTES DOS PORFESSORES DE EDUCAÇÃO BÁSICA",,"2/3/2023 16:48:44","2/3/2023 16:48:44",,"0"
"223","19","1","0007","2023","","ATA PARA POSSE E ELEIÇÃO DE PRESIDENTE E VICE PRESIDENTE DO CONSELHO MUNICIPAL DE ACOMPANHAMENTO E CONTROLE SOCIAL",,"2/3/2023 16:51:07","2/3/2023 16:51:07",,"0"
"226","17","1","0062","2022","","OFICIO 062-2022 - INDICAÇÃO REPRESENTANTE CONSELHO MUNICIPAL DE EDUCAÇÃO - 2023-2026",,"2/3/2023 16:54:35","2/3/2023 16:54:35",,"0"
"229","19","1","0006","2023","","ATA ELEIÇÃO REPRESENTANTES SOCIEDADE CIVIL E DESENVOLVIMENTO DA EDUCAÇÃO BÁSICA DO CACS-FUNDEB",,"3/3/2023 16:41:29","3/3/2023 16:41:29",,"0"
"230","17","1","0122","2022","","EM RESPOSTA OFICIO 052-2022- INDICA REPRESENTANTES PARA COMPOREM O CACS-FUNDEB -2023-2026",,"8/3/2023 09:21:12","8/3/2023 09:21:12",,"0"
"231","17","1","0055","2023","","RESPOSTA: INDICAÇÃO DO REPRESENTANTE DO CONSELHO TUTELAR PARA COMPOSIÇÃO DO CACSFUNDEB 2023-2026",,"9/3/2023 14:59:41","9/3/2023 14:59:41",,"0"
"232","9","1","2046","2023",""," DA DENOMINAÇÃO DE CLEITON FERREIRA À PRAÇA TANCREDO NEVES (CORETO)",,"10/3/2023 15:34:11","10/3/2023 15:34:11",,"0"
"233","1","1","6863","2023","","ALTERA DECRETO 6.765 - NOMEIA SERVIDORES PARA COMPOREM COMISSÃO PERMANENTE DE LICITAÇÃO.",,"14/3/2023 15:01:54","14/3/2023 15:01:54",,"0"
"234","11","1","7101","2023","","REVOGA PORTARIA 7.078 DESIGNA SERVIDOR NA FUNÇÃO DE TÉCNICO DE ENFERMAGEM ",,"14/3/2023 16:01:53","25/5/2023 13:01:59",,"0"
"235","11","1","7102","2023","","DESIGNA DIRETORES CLÍNICOS E RESPONSÁVEIS TÉCNICOS PARA UNIDADES DE SAÚDE DE FRONTEIRA",,"14/3/2023 16:03:24","14/3/2023 16:03:24",,"0"
"236","9","1","2047","2023","","DISPÕE SOBRE ORGANIZAÇÃO CONSELHO TUTELAR DO MUNICÍPIO DE FRONTEIRA - MG ",,"16/3/2023 16:59:51","16/3/2023 16:59:51",,"0"
"237","9","1","2048","2023","","INCLUI INCISO VII NO ART 1º DA LEI MUNICIPAL 2.039  E DÁ OUTRAS PROVIDÊNCIAS",,"16/3/2023 17:03:31","16/3/2023 17:03:31",,"0"
"238","1","1","6905","2023","","CRONOGRAMA VENCIMENTO IPTU ANO CALENDÁRIO 2023",,"16/3/2023 17:05:10","16/3/2023 17:05:10",,"0"
"239","11","1","7103","2023","","DESIGNA SERVIDORES PARA ACOMPANHAMENTO E APOIO REALIZAÇÃO PROCESSO ESCOLHA MEMBROS CONSELHO TUTELAR",,"16/3/2023 17:06:42","16/3/2023 17:06:42",,"0"
"240","1","1","6902","2023","","ALTERA MEMBROS E SUPLENTES PARA COMPOR CONSELHO MUNICIPAL DOS DIREITOS DA CRIANÇA E DO ADOLESCENTE - CMDCA",,"16/3/2023 17:08:15","16/3/2023 17:08:15",,"0"
"241","1","1","6563","2022",""," DEFINE CRITÉRIO ESCOLHA DESIGNAÇÃO DIRETORES INSTITUIÇÕES ENSINO REDE MUNICIPAL.",,"17/3/2023 10:28:02","17/3/2023 10:28:02",,"0"
"242","9","1","2049","2023","","DISPÕE SOBRE PROGRAMA DE ATLETAS AMADORES NO MUNICÍPIO DE FRONTEIRA.",,"21/3/2023 10:07:04","21/3/2023 10:07:04",,"0"
"243","3","1","0002","2023","","REESTRUTURAÇÃO DE CARGOS DO QUADRO DE FUNCIONÁRIOS E SERVIDORES DA CÂMARA MUNICIPAL DE FRONTEIRA ",,"21/3/2023 10:08:57","21/3/2023 10:08:57",,"0"
"244","1","1","6911","2023","","DECLARA DE UTILIDADE PÚBLICA IGREJA ASSEMBLEIA DE DEUS MINISTÉRIO DE FRONTEIRA  ",,"27/3/2023 09:28:14","27/3/2023 09:28:14",,"0"
"245","9","1","1020","2001","","CRIA CONSELHO MUNICIPAL DOS DIREITOS DA CRIANÇA E DO ADOLESCENTE E DÁ OUTRAS PROVIDÊNCIAS. ",,"29/3/2023 09:51:56","29/3/2023 09:51:56",,"0"
"246","19","1","0008","2023","","ATA DA REUNIÃO ODINÁRIA DO CONSELHO MUNICIPAL DOS DIREITOS DA CRIANÇA E DO ADOLESCENTE - CMDCA - GETÃO 27 DE MARÇO DE 2023 Á 23 DE AGOSTO DE 2024.",,"29/3/2023 10:07:48","29/3/2023 10:07:48",,"0"
"248","19","1","0009","2023","","ADITIVO DA ATA DA RESOLUÇÃO ORDINÁRIA DO CONSELHO MUNICIPAL DOS DIREITOS DA CRIANÇA E DO ADOLESCENTE - CMDCA - GESTÃO 27
 DE MARÇO DE 2023 Á 23 DE AGOSTO DE 2024.",,"29/3/2023 10:10:16","29/3/2023 10:10:16",,"0"
"249","8","1","0010","2023","","MINUTA DE RESOLULAÇÃO DE CRIAÇÃO DA COMISSÃO ESPECIAL",,"29/3/2023 10:12:22","29/3/2023 10:12:22",,"0"
"250","1","1","6916","2023","","ALTERA O DECRETO Nº6.812 DE 13 DE FEVEREIRO DE 2023 - APROVA O CALENDÁRIO OFICIAL DE FERIADOS E PONTOS FACULTATIVOS PARA O EXERCÍCIO DE 2023 NO MUNICÍPIO DE FRONTEIRA - MG ",,"3/4/2023 14:41:28","8/5/2023 16:51:41",,"0"
"251","1","1","6926","2023","","NOMEIA SERVIDORES PARA COMPOR O SIM - SERVIÇO DE INSPEÇÃO MUNICIPAL DE FRONTEIRA",,"20/4/2023 15:18:29","20/4/2023 15:18:29",,"0"
"252","1","1","6941","2023","","DECLARA LUTO OFICIAL NO MUNICÍPIO DE FRONTEIRA-MG EM RAZÃO DO FALECIMENTO DO SENHOR IZALTINO GREGÓRIO NASCIMENTO, E DÁ OUTRAS PROVIDÊNCIAS.",,"8/5/2023 16:28:35","8/5/2023 16:28:35",,"0"
"253","1","1","6935","2023","","INSTITUI, NOMEIA E EMPOSSA OS MEMBROS DO COMITÊ TÉCNICO MUNICIPAL DE PROMOÇÃO DA EQUIDADE EM SAÚDE E DÁ OUTAS PROVIDÊNCIAS",,"8/5/2023 16:38:06","8/5/2023 16:38:06",,"0"
"255","1","1","6934","2023","","DECLARA LUTO OFICIAL NO  MUNICÍPIO DE FRONTEIRA-MG EM RAZÃO DO FALECIMENTO DO SENHOR LUCIANO DE BARROS  PAULO E DA SENHORA MARISA BONFIM, E DÁ OUTRAS PROVIDÊNCIAS",,"8/5/2023 16:44:20","8/5/2023 16:44:20",,"0"
"259","1","1","6914","2023","","AUTORIZA A PERMISSÃO DE USO DE ÁREA QUE MENCIONA E DÁ  OUTRAS PROVIDÊNCIAS",,"8/5/2023 16:54:44","8/5/2023 16:54:44",,"0"
"260","1","1","6949","2023","","DECLARA PARTE DO IMÓVEL DE MATRÍCULA Nº 36.467 DO  CARTÓRIO DE REGISTRO DE  IMÓVEIS DA COMARCA DE FRUTAL-MG DE UTILIDADE PÚBLICA, PARA  FINS DE  DESAPROPRIAÇÃO, LOCALIZADO NA RUA MIGUEL JOSÉ MIZIARA, Nº 140, BAIRRO VILA ARRUDA, NESTA CIDADE, VISANDO A  ABERTURA E MELHORAMENTO DE VIAS OU LOGRADOUROS  PÚBLICOS.",,"9/5/2023 16:01:11","10/5/2023 08:22:23",,"0"
"261","1","1","6951","2023","","DISPÕE SOBRE A AFETAÇÃO DE IMÓVEL PARA FINS DE IMPLANTAÇÃO E PROLONGAMENTO DE LOGRADOURO PÚBLICO E DÁ  OUTRAS PROVIDÊNCIAS.",,"10/5/2023 09:20:16","10/5/2023 09:20:16",,"0"
"262","3","1","0004","2023","","AUTORIZA O PODER EXECUTIVO MUNICIPAL A ALIENAR IMÓVEL AO ESTADO DE MINAS GERAIS, POR MEIO DE DOAÇÃO, PARA USO DO TRIBUNAL DE JUSTIÇA DO ESTADO DE MINAS GERAIS E DÁ OUTRAS  PROVIDÊNCIAS. ",,"10/5/2023 10:56:56","10/5/2023 10:58:13",,"0"
"263","3","1","0001","2023","","DESAFETA IMÓVEL DO PATRIMÔNIO MUNICIPAL, AUTORIZA   A ALIENAÇÃO DO REFERIDO BEM POR MEIO  DE DOAÇÃO E DÁ OUTRAS PROVIDÊNCIAS.",,"10/5/2023 13:32:50","10/5/2023 13:32:50",,"0"
"264","3","1","0003","2023","","AUTORIZA O MUNICÍPIO A PROCEDER COM A CONCESSÃO GRATUITA DE DIREITO REAL DE USO DA ÁREA QUE MENCIONA E  DÁ  OUTRAS PROVIDÊNCIAS.",,"10/5/2023 13:34:32","10/5/2023 13:34:32",,"0"
"265","9","1","2050","2023","","AUTORIZA O PODER EXECUTIVO MUNICIPAL A PROMOVER PROCESSO DE TRANSFERÊNCIADE IMÓVEIS NA FORMA QUE MENCIONA E DÁ OUTRAS PROVIDÊNCIAS.",,"10/5/2023 13:38:05","10/5/2023 13:38:05",,"0"
"266","9","1","2051","2023","","INCLUI EVENTO ESPORTIVO E CULTURAL NO ANEXO ÚNICO DA LEI MUNICIPAL Nº 2.007, DE 15 DE JUNHO DE 2022  E DÁ OUTRAS PROVIDÊNCIAS.",,"10/5/2023 13:40:04","10/5/2023 13:40:04",,"0"
"267","9","1","2052","2023","","AUTORIZA A CONCESSÃO DE SUBVENÇÃO SOCIAL AO CONSELHO  COMUNITÁRIO DE SEGURANÇA PÚBLICA E SOCIAL  DE FRONTEIRA-MG (CONSEP) E  DÁ OUTRAS  PROVIDÊNCIAS.",,"10/5/2023 13:41:56","10/5/2023 13:41:56",,"0"
"268","1","1","6952","2023","","DISPÕE SOBRE APROVAÇÃO DE LOTEAMENTO DENOMINADO ""QUINTA REAL"" E DÁ OUTRAS PROVIDÊNCIAS.",,"10/5/2023 14:47:01","10/5/2023 14:47:01",,"0"
"269","1","1","6955","2023","","DECLARA DE UTILIDADE PÚBLICA A ASSOCIAÇÃO DOS ARTESÃOS DE FRONTEIRA E DÁ OUTRAS PROVIDÊNCIAS.",,"11/5/2023 14:55:53","11/5/2023 14:55:53",,"0"
"270","9","1","2053","2023","","ALTERA O ART. 10 DA LEI MUNICIPAL Nº 1.811, DE 25 DE MAIO DE 2018 E DÁ OUTRAS PROVIDÊNCIAS",,"11/5/2023 14:58:30","11/5/2023 14:58:30",,"0"
"271","9","1","2054","2023","","ALTERA OS ARTS. 1º E 2º, DA LEI MUNICIPAL Nº1.850, DE 28 DE FEVEREIRO DE 2019 E DÁ OUTRAS PROVIDÊNCIAS.",,"11/5/2023 15:04:47","11/5/2023 15:04:47",,"0"
"272","1","1","6958","2023","","DISPÕE SOBRE A COMISSÃO PERMANENTE DE PATRIMÔNIO PÚBLICO DE FRONTEIRA-MG E DÁ OUTRAS PROVIDÊNCIAS.",,"16/5/2023 09:40:21","16/5/2023 09:40:21",,"0"
"273","1","1","6960","2023","","REGULAMENTA O PROCEDIMENTO DE ENTREGA DE ATESTADO MÉDICO DOS SERVIDORES PÚBLICOS MUNICIPAIS E DÁ OUTRAS PROVIDÊNCIAS.",,"22/5/2023 16:30:58","22/5/2023 16:30:58",,"0"
"274","1","1","6961","2023","","DISPÕE SOBRE A INCLUSÃO DE EVENTO NO CALENDÁRIO DE EVENTOS OFICIAL DO MUNICÍPIO DE FRONTEIRA- MG E DÁ OUTRAS PROVIDÊNCIAS",,"22/5/2023 16:35:28","22/5/2023 16:35:28",,"0"
"275","1","1","6956","2023","","REGULAMENTA A LEI FEDERAL Nº 14.133, DE 1º DE ABRIL DE 2021, QUE DISPÕE SOBRE LICITAÇÕES E CONTRATOS ADMINISTRATIVOS, NO MUNICÍPIO DE FRONTEIRA-MG E DÁ OUTRAS PROVIDÊNCIAS",,"22/5/2023 16:42:25","22/5/2023 16:42:25",,"0"
"276","1","1","6957","2023","","INSTITUI O MANUAL DE GESTÃO E FISCALIZAÇÃO DE CONTRATOS,  ATAS DE REGISTRO DE PREÇOS OU INSTRUMENTOS EQUIVALENTES E ESTABELECE NORMAS PARA EXECUÇÃO, FISCALIZAÇÃO, ALTERAÇÃO E SEUS PAGAMENTOS, NOS TERMOS DA LEI FEDERAL Nº 14.133/2021",,"23/5/2023 09:03:11","23/5/2023 09:03:11",,"0"
"279","1","1","6925","2023",""," INSTITUI E DISCIPLINA A COMISSÃO TÉCNICA DE ANÁLISE FUNDIÁRIA (CTARF)  NO ÂMBITO DO MUNICÍPIO DE FRONTEIRA E DÁ  OUTRAS  PROVIDÊNCIAS",,"6/6/2023 10:24:43","6/6/2023 10:24:43",,"0"
"280","1","1","6968","2023","","REVOGA O DECRETO Nº 6.120, DE 18 DE AGOSTO DE 2021 E DÁ OUTRAS PROVIDÊNCIAS",,"6/6/2023 10:32:00","6/6/2023 10:32:00",,"0"
"281","11","1","7104","2023","","DISPÕE SOBRE A TABELA DE AVALIAÇÃO DE VALOR DE TERRA NUA (VTN)",,"7/6/2023 15:27:20","7/6/2023 15:27:20",,"0"
"282","3","1","0005","2023","","AUTORIZA O MUNICÍPIO A DOAR IMÓVEL QUE MENCIONA E DÁ OUTRAS PROVIDÊNCIAS",,"15/6/2023 14:18:57","15/6/2023 14:20:33",,"0"
"283","3","1","0006","2023","","AUTORIZA O MUNICÍPIO A DOAR IMÓVEL QUE MENCIONA E DÁ OUTRAS PROVIDÊNCIAS",,"15/6/2023 14:23:46","15/6/2023 14:23:46",,"0"
"284","9","1","2056","2023","","ALTERA O INCISO III DO ART. 1º, DA LEI MUNICIPAL Nº 2.039, DE 20 DE DEZEMBRO DE 2022 E DÁ OUTRAS PROVIDÊNCIAS.",,"15/6/2023 14:26:14","15/6/2023 14:26:14",,"0"
"285","9","1","2057","2023","","DISPÕE SOBRE A ABERTURA DE CRÉDITO ADICIONAL SUPLEMENTAR NO ORÇAMENTO VIGENTE E DÁ OUTRAS PROVIDÊNCIAS.",,"15/6/2023 14:29:21","15/6/2023 14:29:21",,"0"
"286","9","1","2055","2023","","AUTORIZA A CONCESSÃO DE SUBVENÇÃO SOCIAL AO CONSELHO COMUNITÁRIO DE SEGURANÇA PÚBLICA E SOCIAL DE FRONTEIRA-MG (CONSEP) E  DÁ OUTRAS PROVIDÊNCIAS.",,"15/6/2023 14:32:53","15/6/2023 14:32:53",,"0"
"287","1","1","6686","2022","","DECLARA DE UTILIDADE PÚBLICA, IMÓVEL URBANO, PARA FINS DE INTERLIGAÇÃO DE RUA-AVENIDA EM ÁREA URBANA E CONSTRUÇÃO DE ROTATÓRIA, LOCALIZADO NO MUN",,"23/6/2023 14:13:05","23/6/2023 14:13:05",,"0"
"288","1","1","6969","2023","","DECLARA LUTO OFICIAL NO MUNICÍPIO DE FRONTEIRA-MG EM RAZÃO DO FALECIMENTO DO SENHOR FABRÍCIO COUTO MARTINS, E DÁ OUTRAS PROVIDÊNCIAS.",,"26/6/2023 10:32:39","26/6/2023 10:32:39",,"0"
"289","1","1","6979","2023","","DECLARA LUTO OFICIAL NO MUNICÍPIO  DE FRONTEIRA-MG EM RAZÃO DO FALECIMENTO DO SENHOR JOSÉ DA SILVA JÚNIOR, E DÁ OUTRAS PROVIDÊNCIAS",,"26/6/2023 10:38:25","26/6/2023 10:38:25",,"0"
"290","9","1","2058","2023","","AUTORIZA O PODER EXECUTIVO MUNICIPAL A PROMOVER PROCESSO DE TRANSFERÊNCIA DE IMÓVEIS NA FORMA QUE MENCIONA E DÁ OUTRAS PROVIDÊNCIAS.",,"28/6/2023 12:56:31","28/6/2023 12:56:31",,"0"
"291","1","1","6973","2023","","INSTITUI O CONSELHO MUNICIPAL DE DESENVOLVIMENTO ECONÔMICO SUNSTENTÁVEL_0001",,"28/6/2023 14:32:17","28/6/2023 14:32:17",,"0"
"292","8","1","0005","2023","","Dispõe sobre a convocação da 11ª Conferência Municipal de Assistência Social do Município de Fronteira-MG e dá outras providências.",,"3/7/2023 10:02:26","3/7/2023 10:02:26",,"0"
"293","8","1","0006","2023","","Cria a Comissão Organizadora da 11ª Conferência Municipal de Assistência Social.",,"3/7/2023 10:03:26","3/7/2023 10:03:26",,"0"
"294","1","1","6985","2023","","DECLARA LUTO  OFICIAL NO MUNICÍPIO DE FRONTEIRA-MG EM RAZÃO DO FALECIMENTODA SENHORA ONEIDE GARCIA SIMBOLÉ E DÁ OUTRAS PROVIDÊNCIAS",,"4/7/2023 10:03:26","4/7/2023 10:03:26",,"0"
"295","1","1","6986","2023",""," DISPÕE SOBRE A RETENÇÃO DO IMPOSTO DE RENDA INCIDENTE NA FONTE SOBRE OS VALORES PAGOS PELOS ÓRGÃOS E ENTIDADES DA ADMINISTRAÇÃO PÚBLICA MUNICIPAL DIRETA E INDIRETA DO MUNICÍPIO DE FRONTEIRA, ÀS PESSOAS FÍSICAS OU JURÍDICAS CONTRATADAS PARA PRESTAÇÃO DE BENS OU SERVIÇOS",,"7/7/2023 16:25:34","7/7/2023 16:25:34",,"0"
"296","1","1","6992","2023","","DECLARA LUTO OFICIAL NO MUNICÍPIO DE FRONTEIRA-MG EM RAZÃO DO FALECIMENTO DA SENHORA EMILIA RIBEIRO DA SILVA, E DÁ OUTRAS PROVIDÊNCIAS.",,"19/7/2023 10:57:25","19/7/2023 10:57:25",,"0"
"297","1","1","6989","2023","","DISPÕE SOBRE A INCLUSÃO  DE EVENTOS NO CALENDÁRIO DE EVENTOS OFICIAL DO MUNICÍPIO DE FRONTEIRA-MG E DÁ OUTRAS PROVIDÊNCIAS",,"20/7/2023 13:31:45","20/7/2023 13:31:45",,"0"
"298","1","1","6994","2023","","AUTORIZA A PERMISSÃO DE USO DE IMÓVEL QUE MENCIONA E DÁ OUTRAS PROVIDÊNCIAS",,"27/7/2023 16:41:20","27/7/2023 16:41:20",,"0"
"299","9","1","2059","2023","","AUTORIZA A ALIENAÇÃO DE BENS MÓVEIS E DÁ OUTRAS PROVIDÊNCIAS.",,"28/7/2023 15:20:16","28/7/2023 15:20:16",,"0"
"300","1","1","7010","2023","","DISPÕE SOBRE O EXPEDIENTE DOS ÓRGÃOS DO PODER EXECUTIVO DO MUNICÍPIO DE FRONTEIRA EM RAZÃO DE JOGO DA COPA DO MUNDO FEMININA DE FUTEBOL",,"14/8/2023 13:59:29","14/8/2023 13:59:29",,"0"
"303","1","1","7018","2023","","DISPÕE SOBRE A INCLUSÃO DE EVENTO NO CALENDÁRIO DE EVENTOS OFICIAL DO MUNICÍPIO DE FRONTEIRA-MG E DÁ OUTRAS PROVIDÊNCIAS.",,"18/8/2023 08:40:33","18/8/2023 08:40:33",,"0"
"305","1","1","7024","2023","","SUSPENDE O EXPEDIENTE NO MUNICÍPIO DE FRONTEIRA-MG E DÁ OUTRAS PROVIDÊNCIAS.",,"31/8/2023 09:00:08","31/8/2023 09:00:08",,"0"
"306","9","1","2060","2023","","AUTORIZA A CONCESSÃO DE SUBVENÇÃO SOCIAL AO CONSELHO COMUNITÁRIO DE SEGURANÇA PÚBLICA E SOCIAL DE FRONTEIRA-MG (CONSEP) E DÁ OUTRAS PROVIDÊNCIAS.",,"31/8/2023 09:08:19","31/8/2023 09:08:19",,"0"
"310","3","1","0007","2023","","DISPÕE SOBRE O SISTEMA MUNICIPAL DE CULTURA DO MUNICÍPIO DE FRONTEIRA-MG E DÁ OUTRAS PROVIDÊNCIAS.",,"31/8/2023 09:14:27","31/8/2023 09:14:27",,"0"
"311","9","1","2063","2023","","DISPÕE SOBRE POLÍTICA PÚBLICA MUNICIPAL PARA GARANTIA, PROTEÇÃO E AMPLIAÇÃO DOS DIREITOS DAS PESSOAS COM TRANSTORNO DO ESPECTRO AUTISTA (TEA) E SEUS FAMILIARES.",,"31/8/2023 09:17:27","31/8/2023 09:17:27",,"0"
"312","9","1","2062","2023","","
DA DENOMINAÇÃO A RUA 17 NA VILA CHICA DE “JOSEFA MARIA GOMES” E 
DÁ OUTRAS PROVIDÊNCIAS.",,"31/8/2023 09:19:00","31/8/2023 09:19:00",,"0"
"313","9","1","2064","2023","","DISPÕE SOBRE A RESERVA DE VAGAS PARA PESSOA COM DEFICIÊNCIA (PCD) NOS PROCESSOS SELETIVOS DOS PODERES LEGISLATIVO E EXECUTIVO NO MUNICÍPIO DE FRONTEIRA, ESTADO DE MINAS GERAIS",,"31/8/2023 09:20:06","31/8/2023 09:20:06",,"0"
"314","9","1","2061","2023","","ALTERA O ART 1º DA LEI Nº 1.961 DE 12 DE AGOSTO DE 2021, COM A ADEQUAÇÃO DA DENOMINAÇÃO DA CRECHE “DONA ALICE” PARA CENTRO MUNICIPAL DE EDUCAÇÃO INFANTIL (CMEI) “DONA ALICE” E RETIFICAÇÃO DA NUMERAÇÃO.",,"31/8/2023 09:23:50","31/8/2023 09:23:50",,"0"
"315","1","1","7025","2023","","DISPÕE SOBRE APROVAÇÃO DE LOTEAMENTO DENOMINADO “VALE DO SOL” E DÁ OUTRAS PROVIDÊNCIAS.",,"1/9/2023 09:45:29","1/9/2023 09:45:29",,"0"
"316","3","1","0008","2023","","DISPÕE SOBRE O PISO SALARIAL DOS ENFERMEIROS, DOS TÉCNICOS DE ENFERMAGEM E DOS AUXILIARES DE ENFERMAGEM, SERVIDORES DA ADMINISTRAÇÃO PÚBLICA DIRETA.",,"19/9/2023 10:24:21","19/9/2023 10:24:21",,"0"
"317","9","1","2066","2023","","DISPÕE SOBRE A MODIFICAÇÃO DO INCISO I DO ART. 4° DA LEI MUNICIPAL N° 2.045, DE 20 DE DEZEMBRO DE 2022, E DA OUTRAS PROVIDÊNCIAS.",,"20/9/2023 09:05:12","20/9/2023 09:05:12",,"0"
"318","1","1","7043","2023","","“Coloca à disposição da Comissão Eleitoral do Conselho Municipal dos Direitos da Criança e do Adolescente (CMDCA), servidores públicos de todas as Secretarias Municipais, e dependências dos estabelecimentos da Rede Municipal de Ensino, com vistas à realização do pleito facultativo, de 1º de outubro de 2023, para escolha dos conselheiros tutelares de Fronteira, e dá outras providências”",,"28/9/2023 14:12:52","28/9/2023 14:12:52",,"0"
"319","9","1","2067","2023","","DISPÕE SOBRE AS DIRETRIZES PARA ELABORAÇÃO E EXECUÇÃO DA LEI ORÇAMENTÁRIA PARA O EXERCÍCIO FINANCEIRO DO ANO DE 2024, E DÁ OUTRAS PROVIDÊNCIAS.",,"4/10/2023 15:18:33","4/10/2023 15:18:33",,"0"
"320","1","1","7053","2023","","DISPÕE SOBRE A INCLUSÃO DE EVENTOS NO CALENDÁRIO DE EVENTOS OFICIAL DO MUNICÍPIO DE FRONTEIRA-MG, E DÁ OUTRAS PROVIDÊNCIAS.",,"5/10/2023 16:05:26","5/10/2023 16:05:26",,"0"
"321","1","1","7052","2023","","DISPÕE SOBRE A INCLUSÃO DE EVENTOS NO CALENDÁRIO DE EVENTOS OFICIAL DO MUNICÍPIO DE FRONTEIRA-MG, E DÁ OUTRAS PROVIDÊNCIAS.",,"5/10/2023 16:07:03","5/10/2023 16:07:03",,"0"
"322","1","1","7055","2023","","DISPÕE SOBRE A AUTORIZAÇÃO
DE USO DE LOGRADOUROS
PÚBLICOS, COM O FECHAMENTO
PARCIAL DAS RUAS DESCRITAS,
NAS SEXTAS-FEIRAS, SÁBADOS E
FERIADOS, NOS HORÁRIOS
COMPREENDIDOS ENTRE ÀS 18H E
ÀS 6H E DÁ OUTRAS
PROVIDÊNCIAS.",,"10/10/2023 14:31:29","10/10/2023 14:31:29",,"0"
"323","1","1","7057","2023","","CONSOLIDA O CALENDÁRIO OFICIAL DE FERIADOS E PONTOS FACULTATIVOS DO ANO DE 2023 DO MUNICÍPIO DE FRONTEIRA/MG.",,"18/10/2023 13:25:55","18/10/2023 13:25:55",,"0"
"324","9","1","1477","2010","","Dispõe sobre o Plano de Cargos, Carreiras e Vencimentos dos servidores da Área de Educação do Poder Executivo do Município de Fronteira e dá outras providências",,"24/10/2023 15:41:49","24/10/2023 15:41:49",,"0"
"325","10","1","0000","0000","","DOCUMENTO CURRICULAR DA REDE MUNICIPAL DE ENSINO DE FRONTEIRA MG",,"24/10/2023 16:15:22","24/10/2023 16:15:22",,"0"
"326","9","1","1689","2015","","APROVA O PLANO DECENAL MUNICIPAL DE EDUCAÇÃO DE FRONTEIRA – PDMEF -PARA O DECÊNIO 2015/2024 E DÁ OUTRAS PROVIDÊNCIAS.",,"24/10/2023 16:35:35","24/10/2023 16:35:35",,"0"
"327","1","1","7058","2023","","Altera o Decreto Municipal n.º 6.902 de 15 de março de 2023",,"6/11/2023 15:37:25","6/11/2023 15:37:25",,"0"
"328","1","1","7067","2023","","DECLARA ÁREA DE UTILIDADE PÚBLICA PARA FINS DE DESAPROPRIAÇÃO",,"7/11/2023 09:23:05","7/11/2023 09:23:05",,"0"
"329","9","1","2065","2023","","DA DENOMINAÇÃO A AVENIDA DA MATRIZ – CENTRO DE “NELSON GONÇALVES COSTA” E DÁ OUTRAS PROVIDÊNCIAS.",,"7/11/2023 15:56:14","7/11/2023 15:56:14",,"0"
"330","9","1","2068","2023","","DA DENOMINAÇÃO A RUA DOS LIRIOS, NO BAIRRO ASSIS SIMPLICIO DE “TEREZINHA TARGINO DA SILVA” E DÁ OUTRAS PROVIDÊNCIAS.",,"7/11/2023 15:57:22","7/11/2023 15:57:22",,"0"
"332","9","1","2069","2023","","AUTORIZA O PODER EXECUTIVO MUNICIPAL A PROMOVER PROCESSO DE TRANSFERÊNCIA DE IMÓVEIS NA FORMA QUE MENCIONA E DÁ OUTRAS PROVIDÊNCIAS.",,"29/11/2023 16:37:59","29/11/2023 16:37:59",,"0"
"333","1","1","7173","2024","","ABRE CREDITO SUPLEMENTAR POR SUPERAVIT FINANCEIRO PARA REFORÇO DE DOTAÇÕES ORÇAMENTARIAS",,"25/1/2024 09:29:56","25/1/2024 09:29:56",,"0"
"334","1","1","7197","2024","","PRORROGA OS PRAZOS PREVISTOS NO ARTIGO 1º, DA LEI COMPLEMENTAR Nº 011, DE 15 DEZEMBRO DE 2023.",,"4/3/2024 09:50:17","4/3/2024 09:50:17",,"0"
"335","1","1","7183","2024","","APROVA O CALENDÁRIO OFICIAL DE FERIADOS E PONTOS FACULTATIVOS PARA O EXERCÍCIO DE 2024 NO MUNICÍPIO DE FRONTEIRA.",,"4/3/2024 09:56:06","4/3/2024 09:56:06",,"0"
"336","1","1","7079","2023","","INSTITUI A COMISSÃO DA LEI PAULO GUSTAVO",,"4/3/2024 10:09:31","4/3/2024 10:09:31",,"0"
"337","1","1","7160","2023","","ESTABELECE HORÁRIOS ESPECIAIS DE ATENDIMENTO AO PÚBLICO E FUNCIONAMENTO DAS SECRETARIAS E ÓRGÃOS MUNICIPAIS E DÁ OUTRAS PROVIDÊNCIAS.",,"4/3/2024 10:11:17","4/3/2024 10:11:17",,"0"
"338","1","1","7091","2023","","AUTORIZA A ADOÇÃO DE MEDIDAS E TOMADA DE DECISÕES PELA COMISSÃO DE SELEÇÃO DE PROJETOS DE EXECUÇÃO CULTURAL COM RECURSOS DA LEI PAULO GUSTAVO",,"4/3/2024 10:31:09","4/3/2024 10:31:09",,"0"
"339","9","1","2078","2024","","ALTERA O INCISO III DO ART. 1º, DA LEI MUNICIPAL Nº 2.072, DE 14 DE DEZEMBRO DE 2023 E DÁ OUTRAS PROVIDÊNCIAS.",,"4/3/2024 10:45:07","4/3/2024 10:45:07",,"0"
"340","9","1","2075","2024","","DISPÕE SOBRE A AUTORIZAÇÃO DE PERCENTUAL PARA REALOCAÇÕES DE SALDOS DE DOTAÇÕES ORÇAMENTÁRIAS DO ORÇAMENTO PARA O EXERCÍCIO DE 2024 E CONTÉM OUTRAS PROVIDÊNCIAS.",,"4/3/2024 10:50:52","4/3/2024 10:50:52",,"0"
"342","9","1","2077","2024","","DISPÕE SOBRE A POLÍTICA MUNICIPAL DE ATENDIMENTO DOS DIREITOS DA CRIANÇA E DO ADOLESCENTE, REGULAMENTA O CONSELHO MUNICIPAL DOS DIREITOS DA CRIANÇA E DO ADOLESCENTE (CMDCA) E INSTITUI O FUNDO MUNICIPAL DOS DIREITOS DA CRIANÇA E DO ADOLESCENTE (FMDCA) E DÁ OUTRAS PROVIDÊNCIAS.",,"4/3/2024 10:54:28","4/3/2024 10:54:28",,"0"
"343","9","1","2079","2024","","DISPÕE SOBRE A CRIAÇÃO DO CONSELHO MUNICIPAL DE DIREITOS DO IDOSO (CMDI), INSTITUI O FUNDO MUNICIPAL DE DIREITOS DO IDOSO E DÁ OUTRAS PROVIDÊNCIAS.",,"4/3/2024 10:59:35","4/3/2024 10:59:35",,"0"
"344","3","1","0009","2023","","DISPÕE SOBRE A CRIAÇÃO DO PROGRAMA DE DESENVOLVIMENTO ECONÔMICO DO MUNICÍPIO DE FRONTEIRA, TRATA DA CONCESSÃO DE INCENTIVOS FISCAIS E ESTÍMULOS ECONÔMICOS E DÁ OUTRAS PROVIDÊNCIAS.",,"4/3/2024 11:02:00","4/3/2024 11:02:00",,"0"
"345","3","1","0010","2023","","DISPÕE SOBRE A CONTRIBUIÇÃO PARA CUSTEIO DO SERVIÇO DE ILUMINAÇÃO PÚBLICA E DÁ OUTRAS PROVIDÊNCIAS.",,"4/3/2024 13:05:20","4/3/2024 13:05:20",,"0"
"346","3","1","0011","2023","","INSTITUI PROGRAMA DE RECUPERAÇÃO FISCAL (REFIS) PARA O ANO DE 2024 E AUTORIZA O PODER EXECUTIVO MUNICIPAL A CONCEDER DESCONTO SOBRE OS JUROS E AS MULTAS DOS TRIBUTOS MUNICIPAIS NO EXERCÍCIO DE 2024 E DÁ OUTRAS PROVIDÊNCIAS.",,"4/3/2024 13:07:15","4/3/2024 13:07:15",,"0"
"347","9","1","2070","2023","","DISPÕE SOBRE A MODIFICAÇÃO DO INCISO I DO ART. 4º DA LEI MUNICIPAL N.º 2.045, DE 20 DE DEZEMBRO DE 2022 E ALTERAÇÃO DO INCISO I DO ART. 10º E DO ART. 11º DA LEI MUNICIPAL N.º 2.020, DE 14 DE SETEMBRO DE 2022, E DA OUTRAS PROVIDÊNCIAS.",,"4/3/2024 13:08:37","4/3/2024 13:11:40",,"0"
"348","9","1","2071","2023","","AUTORIZA O PODER EXECUTIVO CONCEDER AUXÍLIO-MORADIA E AUXÍLIO-ALIMENTAÇÃO AOS MÉDICOS VINCULADOS AO PROGRAMA MAIS MÉDICOS PELO BRASIL E DÁ OUTRAS PROVIDÊNCIAS.",,"4/3/2024 13:09:53","4/3/2024 13:09:53",,"0"
"349","9","1","2072","2023","","AUTORIZA A CONCESSÃO DE CUSTEIO E/OU SUBVENÇÃO SOCIAL ÀS ASSOCIAÇÕES, ENTIDADES FILANTRÓPICAS E SINDICATOS QUE SE MENCIONA E DÁ OUTRAS PROVIDÊNCIAS.",,"4/3/2024 13:12:26","4/3/2024 13:12:26",,"0"
"350","9","1","2073","2023","","DISPÕE SOBRE A CONCESSÃO DE VERBAS INDENIZATÓRIAS NO ÂMBITO DO PODER LEGISLATIVO MUNICIPAL.",,"4/3/2024 13:13:30","4/3/2024 13:13:30",,"0"
"351","9","1","2074","2023","","ESTIMA A RECEITA E FIXA A DESPESA DO MUNICÍPIO DE FRONTEIRA PARA O EXERCÍCIO DE 2024",,"4/3/2024 13:15:25","4/3/2024 13:15:25",,"0"
"352","1","1","7226","2024","","AUTORIZA A PERMISSÃO DE USO DE BENS MÓVEIS QUE MENCIONA E DÁ OUTRAS PROVIDÊNCIAS. (FICA AUTORIZADO A ASSOCIAÇÃO DOS ARTESÃOS DE FRONTEIRA)",,"4/3/2024 13:51:32","4/3/2024 13:55:16",,"0"
"353","1","1","7225","2024","","AUTORIZA A PERMISSÃO DE USO DE BENS MÓVEIS QUE MENCIONA E DÁ OUTRAS PROVIDÊNCIAS. (FICA AUTORIZADO AO ACAMPAMENTO BOM JESUS-ACBJ)",,"4/3/2024 13:54:00","4/3/2024 13:54:00",,"0"
"354","1","1","7224","2024","","DISPÕE SOBRE A DELEGAÇÃO DE PODERES AO GESTOR MUNICIPAL DE SAÚDE PARA DESIGNAR DIRETORES CLÍNICOS E RESPONSÁVEIS TÉCNICOS PARA AS UNIDADES DE SAÚDE DO MUNICÍPIO E DÁ OUTRAS PROVIDÊNCIAS.",,"4/3/2024 13:57:04","4/3/2024 13:57:04",,"0"
"355","1","1","7181","2023","","NOMEIA SERVIDORES PARA A FUNÇÃO DE PREGOEIRO E EQUIPE DE APOIO, DE QUE TRATA A LEI FEDERAL Nº 14.133/2021 E O DECRETO Nº 6.956/2023 E DÁ OUTRAS PROVIDÊNCIAS.",,"4/3/2024 14:00:15","4/3/2024 14:00:15",,"0"
"356","1","1","7180","2024","","NOMEIA SERVIDORES PARA A FUNÇÃO DE AGENTE DE CONTRATAÇÃO E EQUIPE DE APOIO, DE QUE TRATA A LEI FEDERAL Nº 14.133/2021 E O DECRETO Nº 6.956/2023 E DÁ OUTRAS PROVIDÊNCIAS.",,"4/3/2024 14:01:27","4/3/2024 14:01:27",,"0"
"357","1","1","7179","2024","","NOMEIA SERVIDORES PARA COMPOREM A COMISSÃO DE PREGÃO PRESENCIAL E ELETRÔNICO, DE QUE TRATAM O DECRETO Nº 5.994/2021 E DÁ OUTRAS PROVIDÊNCIAS.",,"4/3/2024 14:02:30","4/3/2024 14:02:30",,"0"
"358","1","1","7178","2024","","NOMEIA SERVIDORES PARA COMPOREM A COMISSÃO PERMANENTE DE LICITAÇÃO.",,"4/3/2024 14:07:51","4/3/2024 14:07:51",,"0"
"359","1","1","7195","2024","","DESIGNA SERVIDORES PARA COMPOREM A COMISSÃO DE PROCESSO ADMINISTRATIVO SANCIONADOR, DE QUE TRATAM ÀS LEIS FEDERAIS Nº 8.666/1993 E 14.133/2021 E DÁ OUTRAS PROVIDÊNCIAS.",,"4/3/2024 14:31:10","4/3/2024 14:31:10",,"0"
"360","1","1","7194","2024","","AUTORIZA A PERMISSÃO DE USO DE BENS MÓVEIS QUE MENCIONA E DÁ OUTRAS PROVIDÊNCIAS.",,"4/3/2024 14:32:44","4/3/2024 14:32:44",,"0"
"361","1","1","7279","2024","","DECLARA LUTO OFICIAL NO MUNICÍPIO DE FRONTEIRA-MG EM RAZÃO DO FALECIMENTO DA SENHORA AMAL SIMBOLE CAMPOS E DÁ OUTRAS PROVIDÊNCIAS.",,"5/3/2024 09:45:39","5/3/2024 09:46:52",,"0"
"362","1","1","7280","2024","","DECLARA SUSPENSÃO DO EXPEDIENTE DA SECRETARIA MUNICIPAL DE ASSISTÊNCIA SOCIAL E PROMOÇÃO HUMANA/FMAS EM RAZÃO DO FALECIMENTO DA GESTORA SENHORA AMAL SIMBOLE CAMPOS E DÁ OUTRAS PROVIDÊNCIAS.",,"6/3/2024 08:54:54","6/3/2024 08:54:54",,"0"
"363","1","1","7235","2024","","REVOGA O DECRETO Nº 4.244, DE 1º DE ABRIL DE 2019 E ALTERA O DECRETO Nº 3.785, DE 27 DE AGOSTO DE 2018, QUE DISPÕE SOBRE O REGIME DE ADIANTAMENTOS E REEMBOLSOS DE VIAGENS PARA SERVIDORES OCUPANTES DO CARGOS DE MOTORISTA E CONTÉM OUTRAS PROVIDÊNCIAS.",,"7/3/2024 14:54:37","7/3/2024 14:54:37",,"0"
"364","1","1","7285","2024","","DISPÕE SOBRE APROVAÇÃO DE LOTEAMENTO DENOMINADO “MARINAS NÁUTICO RESIDENCE 3” E DÁ OUTRAS PROVIDÊNCIAS.",,"11/3/2024 16:42:48","11/3/2024 16:42:48",,"0"
"365","1","1","7286","2024","","DECLARA DE UTILIDADE PÚBLICA, PARA FINS DE DESAPROPRIAÇÃO DE PLENO DOMÍNIO E CONSTITUIÇÃO DE SERVIDÃO, PELA COMPANHIA DE SANEAMENTO DE MINAS GERAIS – COPASA MG, IMÓVEIS NECESSÁRIOS AOS SISTEMAS DE ESGOTAMENTO SANITÁRIO E ABASTECIMENTO DE ÁGUA DO MUNICÍPIO DE FRONTEIRA/MG E DÁ OUTRAS PROVIDÊNCIAS.",,"11/3/2024 16:43:49","11/3/2024 16:43:49",,"0"
"366","1","1","7287","2024","","AUTORIZA A PERMISSÃO DE USO DE BENS MÓVEIS QUE MENCIONA E DÁ OUTRAS PROVIDÊNCIAS.",,"11/3/2024 16:45:01","11/3/2024 16:45:01",,"0"
"367","9","1","2080","2024","","INCLUI NO PERÍMETRO URBANO DO MUNICÍPIO A ÁREA QUE MENCIONA E DÁ OUTRAS PROVIDÊNCIAS.",,"13/3/2024 13:47:06","13/3/2024 13:47:06",,"0"
"368","9","1","2081","2024","","INSTITUI NO MUNICÍPIO DE FRONTEIRA-MG, O PROGRAMA “VARAL SOLIDÁRIO” E DÁ OUTRAS PROVIDÊNCIAS.",,"13/3/2024 13:47:56","13/3/2024 13:47:56",,"0"
"369","9","1","2082","2024","","ALTERA O INCISO VII DO ART 1° DA LEI MUNICIPAL N°  2.072 DE 14 DE DEZEMBRO DE 2023 - FREI ODORICO VIRGA ASSINADA",,"20/3/2024 09:28:42","20/3/2024 09:28:42",,"0"
"370","1","1","7300","2024","","DISPÕE SOBRE A IMPLANTAÇÃO DA POLÍTICA DE EDUCAÇÃO INTEGRAL NA REDE MUNICIPAL DE ENSINO DE FRONTEIRA E REIMPLEMENTAÇÃO DA ESCOLA EM TEMPO INTEGRAL DA ESCOLA MUNICIPAL POLIANA ZIZA FERREIRA E DÁ OUTRAS PROVIDÊNCIAS",,"20/3/2024 14:05:05","20/3/2024 14:05:05",,"0"
"372","1","1","7234","2024","","NOMEIA SERVIDORES PARA A FUNÇÃO DE AGENTE DE CONTRATAÇÃO E EQUIPE DE APOIO, DE QUE TRATA A LEI FEDERAL Nº 14.133/2021 E O DECRETO Nº 6.956/2023 E DÁ OUTRAS PROVIDÊNCIAS.",,"25/3/2024 13:54:19","25/3/2024 13:54:19",,"0"
"376","1","1","7304","2024","","ALTERA E CONSOLIDA O CALENDÁRIO OFICIAL DE FERIADOS E PONTOS FACULTATIVOS PARA O EXERCÍCIO DE 2024 NO MUNICÍPIO DE FRONTEIRA",,"25/3/2024 16:52:01","25/3/2024 16:52:01",,"0"
"378","9","1","2083","2024","","AUTORIZA O PODER EXECUTIVO MUNICIPAL A PROMOVER PROCESSO DE TRANSFERÊNCIA DE IMÓVEIS NA FORMA QUE MENCIONA E DÁ OUTRAS PROVIDÊNCIAS.",,"27/3/2024 13:51:41","27/3/2024 13:51:41",,"0"
"379","9","1","2084","2024","","AUTORIZA O MUNICÍPIO DE FRONTEIRA A CONTRATAR COM O BANCO DE DESENVOLVIMENTO DE MINAS GERAIS S/A – BDMG, OPERAÇÕES DE CRÉDITO COM OUTORGA DE GARANTIA E DÁ OUTRAS PROVIDÊNCIAS.",,"27/3/2024 13:53:20","27/3/2024 13:53:20",,"0"
"380","1","1","7323","2024","","ALTERA O CONSELHO MUNICIPAL DE DESENVOLVIMENTO ECONÔMICO SUSTENTÁVEL, E DÁ OUTRAS PROVIDÊNCIAS.",,"3/4/2024 14:49:14","3/4/2024 14:49:14",,"0"
"382","9","1","2076","2024","","CRIA O SERVIÇO DE PROTEÇÃO SOCIAL ESPECIAL DE CUMPRIMENTO DA MEDIDA SOCIOEDUCATIVA E MEIO ABERTO DE LIBERDADE ASSISTIDA (LA) E PRESTAÇÃO DE SERVIÇO À COMUNIDADE (PSC) NO MUNICIPIO DE FRONTEIRA",,"10/4/2024 09:57:59","10/4/2024 09:57:59",,"0"
"383","1","1","7340","2024","","INSTITUI, NOMEIA E EMPOSSA OS MEMBROS DA COMISSÃO INTERSETORIAL DO SERVIÇO DE PROTEÇÃO SOCIAL ESPECIAL DE CUMPRIMENTO DA MEDIDA SOCIOEDUCATIVA EM MEIO ABERTO DE LIBERDADE ASSISTIDA ",,"10/4/2024 10:40:01","10/4/2024 10:40:01",,"0"
"384","1","1","7314","2024","","DISPÕE SOBRE A CRIAÇÃO DA COMISSÃO DE ORGANIZAÇÃO DO CONSELHO MUNICIPAL DE DIREITOS DO IDOSO – CMDI E DÁ OUTRAS PROVIDÊNCIAS.",,"11/4/2024 10:23:05","11/4/2024 10:23:05",,"0"
"386","9","1","2085","2024","","DISPÕE SOBRE A ABERTURA DE CRÉDITO ADICIONAL SUPLEMENTAR NO ORÇAMENTO VIGENTE E DÁ OUTRAS PROVIDÊNCIAS",,"11/4/2024 14:04:39","11/4/2024 14:04:39",,"0"
"387","9","1","2086","2024","","AUTORIZA A CONCESSÃO DE SUBVENÇÃO SOCIAL AO CONSELHO COMUNITÁRIO DE SEGURANÇA PÚBLICA E SOCIAL DE FRONTEIRA-MG (CONSEP) E DÁ OUTRAS PROVIDÊNCIAS.",,"11/4/2024 14:05:40","11/4/2024 14:05:40",,"0"
"388","9","1","2087","2024","","INCLUI NO PERÍMETRO URBANO DO MUNICÍPIO A ÁREA QUE MENCIONA E DÁ OUTRAS PROVIDÊNCIAS.",,"11/4/2024 14:06:52","11/4/2024 14:06:52",,"0"
"389","1","1","7342","2024","","DECRETA LUTO OFICIAL NO MUNICÍPIO DE FRONTEIRA, EM VIRTUDE DO FALECIMENTO DO SR. ECIMAR JOSÉ DE PAULA.",,"12/4/2024 14:54:30","12/4/2024 14:54:30",,"0"
"390","9","1","2088","2024","","DA DENOMINAÇÃO A AVENIDA BRASIL, NO PARQUE FLORIANOPOLIS, NA BEIRA DO RIO GRANDE DE “VILMA DE MOURA POLTROGNERI” E DÁ OUTRAS PROVIDÊNCIAS.",,"15/4/2024 13:26:03","15/4/2024 13:26:03",,"0"
"391","1","1","7343","2024","","AUTORIZA A PERMISSÃO DE USO DE ÁREAS E LOGRADOUROS PÚBLICOS QUE MENCIONAM COM O FECHAMENTO PARCIAL DAS RUAS DESCRITAS, NAS SEXTAS-FEIRAS, SÁBADOS E FERIADOS, NOS HORÁRIOS COMPREENDIDOS ENTRE ÀS 18H E ÀS 6H",,"15/4/2024 16:52:36","15/4/2024 16:52:36",,"0"
"392","1","1","7344","2024","","REGULAMENTA A LEI COMPLEMENTAR Nº 009, DE 14 DE DEZEMBRO DE 2023, QUE DISPÕE SOBRE A CRIAÇÃO DO PROGRAMA DE DESENVOLVIMENTO ECONÔMICO DO MUNICÍPIO DE FRONTEIRA, TRATA DA CONCESSÃO DE INCENTIVOS FISCAIS E ESTÍMULOS ECONÔMICOS, E DÁ OUTRAS PROVIDÊNCIAS.",,"24/4/2024 10:50:52","24/4/2024 10:50:52",,"0"
"393","1","1","7345","2024","","ALTERA O DECRETO Nº 7.304 DE 25 DE MARÇO DE 2024 – ALTERA E CONSOLIDA O CALENDÁRIO OFICIAL DE FERIADOS E PONTOS FACULTATIVOS PARA O EXERCÍCIO DE 2024 NO MUNICÍPIO DE FRONTEIRA.",,"29/4/2024 10:11:08","29/4/2024 10:11:08",,"0"
"395","1","1","7302","2024","","DESAFETA DO DOMÍNIO PÚBLICO OS BENS MÓVEIS QUE ESPECIFICA, DECLARA INSERVÍVEIS À ADMINISTRAÇÃO PÚBLICA E AUTORIZA A DOAÇÃO PARA FINS DE INTERESSE SOCIAL E DÁ OUTRAS PROVIDÊNCIAS.",,"29/4/2024 14:13:27","29/4/2024 14:13:27",,"0"
"398","19","1","0010","2023","","ATA DE REUNIÃO ORDINÁRIA DO CONSELHO MUNICIPAL DOS DIREITOS DA CRIANÇA E DO ADOLESCENTE - CMDCA - GESTÃO 27 DE MARÇO DE 2023 A 23 DE AGOSTO DE 2024",,"6/5/2024 09:33:10","6/5/2024 09:33:10",,"0"
"399","9","1","2090","2024","","DÁ A DENOMINAÇÃO AO CENTRO DE EVENTOS MUNICIPAL NO ENTRONCAMENTO DAS AVENIDAS EMILIANO CORREA COM AVENIDA PROFESSORA SUELI CAROLINA DE LIMA NO BAIRRO VILA ARRUDA DE “Dra. AMAL SIMBOLE CAMPOS” ",,"7/5/2024 13:58:48","7/5/2024 13:58:48",,"0"
"400","9","1","2089","2024","","RATIFICA O PROTOCOLO DE INTENÇÕES CELEBRADO PELOS MUNICÍPIOS VISANDO À INTEGRAÇÃO AO CONSÓRCIO INTERMUNICIPAL DE SAÚDE DO ALTO PARANÁIBA CIS ALP",,"8/5/2024 15:46:06","8/5/2024 15:46:06",,"0"
"401","1","1","7354","2024","","AUTORIZA A PERMISSÃO DE USO DE BENS MÓVEIS QUE MENCIONA E DÁ OUTRAS PROVIDÊNCIAS.",,"9/5/2024 10:45:33","9/5/2024 10:45:33",,"0"
"402","9","1","2093","2024","","CONCEDE RECOMPOSIÇÃO INFLACIONARIA ANUAL AOS SERVIDORES DA CÂMARA  MUNICIPAL DE FRONTEIRA MINAS GERAIS",,"21/5/2024 08:47:38","21/5/2024 08:47:38",,"0"
"403","9","1","2092","2024","","DISPÕE SOBRE A CRIAÇÃO DO CONSELHO MUNICIPAL DOS DIREITOS DA MULHER - CMDM E DÁ OUTRAS PROVIDÊNCIAS.",,"21/5/2024 15:26:11","21/5/2024 15:26:11",,"0"
"404","9","1","2091","2024","","AUTORIZA O MUNICÍPIO DE FRONTEIRA/MG A PARTICIPAR DO CONSÓRCIO PÚBLICO INTERMUNICIPAL DE DESENVOLVIMENTO SUSTENTÁVEL DO TRIÂNGULO MINEIRO E ALTO PARANAÍBA – CIDES E DÁ OUTRAS PROVIDÊNCIAS.",,"21/5/2024 15:29:32","21/5/2024 15:29:32",,"0"
"405","1","1","7361","2024","","DISPÕE SOBRE A DECLARAÇÃO DE UTILIDADE PÚBLICA DO CONSELHO COMUNITARIO DE SEGURANÇA PÚBLICA E SOCIAL DE FRONTEIRA MG - CONSEP",,"28/5/2024 15:44:31","28/5/2024 15:44:31",,"0"
"406","1","1","7362","2024","","DECLARA DE UTILIDADE PÚBLICA, PARA FINS DE DESAPROPRIAÇÃO DE PLENO DOMÍNIO E CONSTITUIÇÃO DE SERVIDÃO, PELA COMPANHIA DE SANEAMENTO DE MINAS GERAIS – COPASA MG, IMÓVEIS NECESSÁRIOS AOS SISTEMAS DE ESGOTAMENTO SANITÁRIO E ABASTECIMENTO DE ÁGUA DO MUNICÍPIO DE FRONTEIRA/MG E DÁ OUTRAS PROVIDÊNCIAS.",,"29/5/2024 15:04:16","29/5/2024 15:04:16",,"0"
"407","1","1","7359","2024","","DISPÕE SOBRE A INCLUSÃO DE EVENTO NO CALENDÁRIO OFICIAL DE EVENTOS - TERCEIRO ARRAIAL DO JARDIM VERANEIO",,"5/6/2024 15:41:23","5/6/2024 15:41:23",,"0"
"408","1","1","7360","2024","","DISPÕE SOBRE A INCLUSÃO DE EVENTO NO CALENDÁRIO DE EVENTOS - QUERMESSE BENEFICIENTE",,"5/6/2024 15:51:09","5/6/2024 15:51:09",,"0"
"409","9","1","2095","2024","","INCLUI O PARÁGRAFO ÚNICO NO ART. 3º DA LEI Nº 1.987 DE 19 DE JANEIRO DE 2022",,"17/6/2024 16:27:17","17/6/2024 16:27:17",,"0"
"410","9","1","2094","2024","","ALTERA O ITEM 1 DO ANEXO ÚNICO DA LEI Nº 2.083 DE 27 DE MARÇO DE 2024, COM A ADEQUAÇÃO E RETIFICAÇÃO DOS DADOS PESSOAIS.",,"17/6/2024 16:28:34","17/6/2024 16:28:34",,"0"
"411","3","1","0001","2024","","AUTORIZA O MUNICÍPIO DE FRONTEIRA A CONCEDER DIREITO REAL DE USO DE IMÓVEIS DE SUA PROPRIEDADE, LOCALIZADOS NO DISTRITO INDUSTRIAL, MEDIANTE CONCORRÊNCIA PÚBLICA E DÁ OUTRAS PROVIDÊNCIAS. ",,"17/6/2024 16:31:36","17/6/2024 16:31:36",,"0"
"412","3","1","0002","2024","","AUTORIZA A RECOMPOSIÇÃO DA BASE REMUNERATORIA DOS AGENTES PUBLICOS DE FRONTEIRA",,"17/6/2024 16:49:40","17/6/2024 16:49:40",,"0"
"413","9","1","2096","2024","","AUTORIZA A CONCESSÃO DE SUBVENÇÃO SOCIAL AO CONSELHO COMUNITÁRIO DE SEGURANÇA PÚBLICA E SOCIAL DE FRONTEIRA-MG CONSEP",,"21/6/2024 13:54:32","21/6/2024 13:54:32",,"0"
"414","1","1","7385","2024","","ALTERA O CONSELHO MUNICIPAL DE DESENVOLVIMENTO ECONÔMICO SUSTENTÁVEL, E DÁ OUTRAS PROVIDÊNCIAS.",,"3/7/2024 09:03:51","3/7/2024 09:03:51",,"0"
"415","1","1","7387","2024","","DECLARA DE UTILIDADE PÚBLICA, PARA FINS DE DESAPROPRIAÇÃO DE PLENO DOMÍNIO E CONSTITUIÇÃO DE SERVIDÃO, PELA COMPANHIA DE SANEAMENTO DE MINAS GERAIS – COPASA MG, IMÓVEIS NECESSÁRIOS AOS SISTEMAS DE ESGOTAMENTO SANITÁRIO E/OU ABASTECIMENTO DE ÁGUA DO MUNICÍPIO DE FRONTEIRA/MG E DÁ OUTRAS PROVIDÊNCIAS.",,"3/7/2024 09:05:00","3/7/2024 09:05:00",,"0"
"416","1","1","7386","2024","","DIVULGA A “CARTILHA VEDAÇÕES DURANTE O PERÍODO ELEITORAL” AOS AGENTES PÚBLICOS DO PODER EXECUTIVO DO MUNICÍPIO DE FRONTEIRA-MG.",,"3/7/2024 09:06:15","3/7/2024 09:06:15",,"0"
"417","1","1","7351","2024","","DISPÕE SOBRE O CRONOGRAMA DE VENCIMENTO DO IPTU - IMPOSTO PREDIAL E TERRITORIAL URBANO, DO EXERCÍCIO DE 2024 - MUNICÍPIO DE FRONTEIRA-MG.",,"3/7/2024 15:02:31","3/7/2024 15:02:31",,"0"
"418","1","1","7411","2024","","ALTERA O DECRETO N° 7.183 QUE APROVA O CALENDÁRIO OFICIAL DE FERIADOS E PONTOS FACULTATIVOS",,"3/7/2024 15:08:38","3/7/2024 15:08:38",,"0"
"419","1","1","7431","2024","","DISPÕE SOBRE O DESCAUCIONAMENTO DE LOTES DADOS EM GARANTIA DE EXECUÇÃO DE OBRAS DE INFRAESTRUTURA NO LOTEAMENTO DENOMINADO “MARINAS NAUTICO RESIDENCE II”, APROVADO POR MEIO DO DECRETO Nº 3.357, DE 01 DE NOVEMBRO DE 2017 E DÁ OUTRAS PROVIDÊNCIAS.",,"15/8/2024 14:33:21","15/8/2024 14:33:21",,"0"
"420","9","1","2099","2024","","AUTORIZA A CONCESSÃO DE SUBVENÇÃO SOCIAL À ASSOCIAÇÃO DE COMBATE AO CÂNCER DO BRASIL CENTRAL E DÁ OUTRAS PROVIDÊNCIAS.",,"16/8/2024 16:05:28","16/8/2024 16:05:28",,"0"
"421","9","1","2097","2024","","AUTORIZA A CONCESSÃO DE SUBVENÇÃO SOCIAL À ASSOCIAÇÃO DE PAIS E AMIGOS DOS EXCEPCIONAIS DE FRONTEIRA-MG (APAE) E DÁ OUTRAS PROVIDÊNCIAS.",,"20/8/2024 09:24:17","20/8/2024 09:24:17",,"0"
"422","9","1","2100","2024","","AUTORIZA A ALIENAÇÃO DE BENS MÓVEIS E DÁ OUTRAS PROVIDÊNCIAS.",,"20/8/2024 09:34:23","20/8/2024 09:34:23",,"0"
"423","9","1","2101","2024","","DISPÕE SOBRE A ABERTURA DE CRÉDITO ADICIONAL ESPECIAL NO ORÇAMENTO VIGENTE PARA A INCLUSÃO DE AÇÃO EM PROGRAMA DO PPA, LDO e LOA E DÁ OUTRAS PROVIDÊNCIAS.",,"20/8/2024 09:37:11","20/8/2024 09:37:11",,"0"
"424","9","1","2102","2024","","FIXA O VALOR DO SUBSÍDIO MENSAL DOS VEREADORES MUNICIPAIS PARA O QUADRIÊNIO 2025/2028.",,"20/8/2024 13:10:38","20/8/2024 13:10:38",,"0"
"425","9","1","2103","2024","","FIXA O VALOR DO SUBSÍDIO MENSAL DO PREFEITO, VICE-PREFEITO E DOS SECRETÁRIOS MUNICIPAIS PARA O QUADRIÊNIO 2025/2028.",,"20/8/2024 13:12:21","20/8/2024 13:12:21",,"0"
"426","9","1","2104","2024","","PROÍBE O MANUSEIO, A UTILIZAÇÃO E A QUEIMA DE FOGOS DE ARTIFÍCIO DE EFEITO SONORO ALTO NO MUNÍCIPIO DE FRONTEIRA/MG, E DÁ OUTRAS PROVIDÊNCIAS.",,"20/8/2024 13:13:13","20/8/2024 13:13:13",,"0"
"427","1","1","7429","2024","","DESIGNA MEMBROS REPRESENTANTES DO PODER EXECUTIVO PARA O CONSELHO MUNICIPAL DE ASSISTÊNCIA SOCIAL DO MUNICÍPIO DE FRONTEIRA E DÁ OUTRAS PROVIDÊNCIAS.",,"22/8/2024 08:54:48","22/8/2024 08:54:48",,"0"
"428","1","1","6257","2021","","INSTITUI A IV CONFERÊNCIA MUNICIPAL DE EDUCAÇÃO DE FRONTEIRA",,"9/9/2024 13:32:03","9/9/2024 13:32:03",,"0"
"429","9","1","0838","1997","","DISPÕE SOBRE A CRIAÇÃO DO CONSELHO MUNICIPAL DE EDUCAÇÃO DO MUNICIPIO DE FRONTEIRA ",,"9/9/2024 16:33:39","9/9/2024 16:33:39",,"0"
"430","9","1","2106","2024","","
AUTORIZA A CONCESSÃO DE SUBVENÇÃO SOCIAL À ASSOCIAÇÃO DE PAIS E AMIGOS DOS EXCEPCIONAIS DE FRONTEIRA-MG (APAE) E DÁ OUTRAS PROVIDENCIAS ",,"12/9/2024 15:10:33","12/9/2024 15:10:33",,"0"
"431","9","1","2105","2024","","DISPÕE SOBRE A ABERTURA DE CRÉDITO ADICIONAL SUPLEMENTAR NO ORÇAMENTO VIGENTE E DÁ OUTRAS PROVIDÊNCIAS.",,"12/9/2024 15:17:39","12/9/2024 15:17:39",,"0"
"432","1","1","7392","2024","","DISPÕE SOBRE A INCLUSÃO DE EVENTO NO CALENDÁRIO DE EVENTOS OFICIAL DO MUNICÍPIO DE FRONTEIRA-MG, E DÁ OUTRAS PROVIDÊNCIAS. - 6° TORNEIO DA AMIZADE",,"13/9/2024 16:53:47","13/9/2024 16:53:47",,"0"
"433","9","1","2107","2024","","DISPÕE SOBRE A SUPLEMENTAÇÃO DE VERBAS DO ORÇAMENTO VIGENTE.",,"2/10/2024 08:48:19","2/10/2024 08:48:19",,"0"
"434","9","1","2108","2024","","DISPÕE SOBRE AS DIRETRIZES PARA ELABORAÇÃO E EXECUÇÃO DA LEI ORÇAMENTÁRIA PARA O EXERCÍCIO FINANCEIRO DE 2025. ",,"2/10/2024 08:49:16","2/10/2024 08:49:16",,"0"
"435","1","1","7467","2024","","DISPÕE SOBRE A UTILIZAÇÃO POR TERCEIROS DO CENTRO DE EVENTOS “DRA. AMAL SIMBOLE CAMPOS” E DÁ OUTRAS PROVIDÊNCIAS.",,"16/10/2024 16:48:28","16/10/2024 16:48:28",,"0"
"436","9","1","2109","2024","","AUTORIZA O PODER EXECUTIVO MUNICIPAL A PROMOVER E REGULARIZAR O PROCESSO DE TRANSFERÊNCIA DE IMÓVEIS NA FORMA QUE MENCIONA E DÁ OUTRAS PROVIDÊNCIAS.",,"17/10/2024 10:28:41","17/10/2024 10:28:41",,"0"
"437","9","1","2110","2024","","NOMEIA DE “ZULMA FARIA PASSOS” O PRÉDIO PÚBLICO SITUADO NA RUA 8, Nº 6.789, BAIRRO VILA RESIDENCIAL DE FURNAS E DÁ OUTRAS PROVIDÊNCIAS. ",,"17/10/2024 10:30:02","17/10/2024 10:30:02",,"0"
"438","9","1","2111","2024","","ALTERA O ART 4º DA LEI Nº 2.058, DE 14 DE JUNHO DE 2023, COM A ADEQUAÇÃO E RETIFICAÇÃO DA IMPOSIÇÃO DAS CLÁUSULAS RESTRITIVAS APENAS AS TRANSAÇÕES DE DOAÇÃO. ",,"17/10/2024 10:34:29","17/10/2024 10:34:29",,"0"
"439","9","1","2112","2024","","AUTORIZA O PODER EXECUTIVO MUNICIPAL A PROMOVER E REGULARIZAR O PROCESSO DE TRANSFERÊNCIA DO IMÓVEL NA FORMA QUE MENCIONA E DÁ OUTRAS PROVIDÊNCIAS.",,"17/10/2024 10:40:24","17/10/2024 10:40:24",,"0"
"440","9","1","2114","2024","","AUTORIZA O PODER EXECUTIVO MUNICIPAL A PROMOVER E REGULARIZAR O PROCESSO DE TRANSFERÊNCIA DO IMÓVEL NA FORMA QUE MENCIONA E DÁ OUTRAS PROVIDÊNCIAS.",,"17/10/2024 10:44:51","17/10/2024 10:44:51",,"0"
"441","9","1","2113","2024","","DISPÕE SOBRE A ABERTURA DE CRÉDITO ADICIONAL ESPECIAL NO ORÇAMENTO VIGENTE E DÁ OUTRAS PROVIDÊNCIAS.",,"17/10/2024 10:50:00","17/10/2024 10:50:00",,"0"
"442","1","1","7472","2024","","DISPÕE SOBRE A INCLUSÃO DE EVENTO NO CALENDÁRIO DE EVENTOS OFICIAL DO MUNICÍPIO DE FRONTEIRA-MG, E DÁ OUTRAS PROVIDÊNCIAS. - CONGRESSO DE HOMENS",,"25/10/2024 09:01:27","25/10/2024 09:01:27",,"0"
"444","1","1","7475","2024","","DECRETA LUTO OFICIAL NO MUNICÍPIO DE FRONTEIRA, EM VIRTUDE DO FALECIMENTO DO SR. ELCIO GAIOSO.",,"25/10/2024 09:12:33","25/10/2024 09:12:33",,"0"
"445","1","1","7470","2024","","ALTERA O DECRETO N 7.183-2024 – APROVA O CALENDÁRIO OFICIAL DE FERIADOS E PONTOS FACULTATIVOS PARA O EXERCÍCIO DE 2024 NO MUNICÍPIO DE FRONTEIRA-MG",,"14/11/2024 14:48:57","14/11/2024 14:48:57",,"0"
"447","9","1","2116","2024","","DISPÕE SOBRE A MODIFICAÇÃO DO INCISO I DO ART. 4º DA LEI MUNICIPAL Nº 2.074 DE 14 DE DEZEMBRO DE 2023 E DÁ OUTRAS PROVIDÊNCIAS.",,"21/11/2024 09:34:01","21/11/2024 09:34:01",,"0"
"448","9","1","2117","2024","","ALTERA O ART 1º DA LEI Nº 2.110, DE 10 DE OUTUBRO DE 2024, COM A ADEQUAÇÃO DO ENDEREÇO DO PRÉDIO PÚBLICO. ",,"21/11/2024 09:46:20","21/11/2024 09:46:20",,"0"
"449","3","1","0003","2024","","INSTITUI PROGRAMA DE RECUPERAÇÃO FISCAL (REFIS) PARA O ANO DE 2025 E AUTORIZA O PODER EXECUTIVO MUNICIPAL A CONCEDER DESCONTO SOBRE OS JUROS E AS MULTAS DOS TRIBUTOS MUNICIPAIS NO EXERCÍCIO DE 2025 E DÁ OUTRAS PROVIDÊNCIAS.",,"21/11/2024 09:55:05","21/11/2024 09:55:05",,"0"
"450","1","1","7487","2024","","DISPÕE SOBRE A INCLUSÃO DE EVENTO NO CALENDÁRIO DE EVENTOS OFICIAL DO MUNICÍPIO DE FRONTEIRA-MG, E DÁ OUTRAS PROVIDÊNCIAS. - DIA DO TRABALHO",,"21/11/2024 09:56:45","21/11/2024 09:56:45",,"0"
"451","9","1","2115","2024",""," INCLUI NO PERIMETRO URBANO DO MUNICIPIO A AREA QUE MENCIONA",,"21/11/2024 14:11:35","21/11/2024 14:11:35",,"0"
"452","1","1","7542","2024","","REGULAMENTA A UTILIZAÇÃO DO SISTEMA DE REGISTRO DE PREÇOS DISCIPLINADO NA LEI FEDERAL N° 14.133, DE 1° DE ABRIL DE 2021, PARA A ADESÃO DO MUNICÍPIO ÀS AQUISIÇÕES E CONTRATAÇÕES REALIZADAS PELO ESTADO DE MINAS GERAIS PARA A EXECUÇÃO DE AÇÕES NO ÂMBITO DO SISTEMA ÚNICO DE SAÚDE – SUS.",,"11/12/2024 09:34:26","11/12/2024 09:34:26",,"0"
"453","9","1","2118","2024","","AUTORIZA O PODER EXECUTIVO MUNICIPAL A PROMOVER E REGULARIZAR O PROCESSO DE TRANSFERÊNCIA DE IMÓVEIS NA FORMA QUE MENCIONA E DÁ OUTRAS PROVIDÊNCIAS.",,"13/12/2024 15:40:08","13/12/2024 15:40:08",,"0"
"454","9","1","2119","2024","","ALTERA O ITEM 2 DO ANEXO ÚNICO DA LEI Nº 2.083 DE 27 DE MARÇO DE 2024, COM A ADEQUAÇÃO E RETIFICAÇÃO DOS DADOS PESSOAIS. ",,"13/12/2024 15:43:25","13/12/2024 15:43:25",,"0"
"455","9","1","2120","2024","","DISPÕE SOBRE A AUTORIZAÇÃO DE PERCENTUAL PARA REALOCAÇÕES DE SALDOS DE DOTAÇÕES ORÇAMENTÁRIAS DO ORÇAMENTO PARA O EXERCÍCIO DE 2025 E CONTÉM OUTRAS PROVIDÊNCIAS.",,"13/12/2024 15:49:03","13/12/2024 15:49:03",,"0"
"456","9","1","2121","2024","","AUTORIZA A CONCESSÃO DE SUBVENÇÃO SOCIAL À ASSOCIAÇÃO DE PAIS E AMIGOS DOS EXCEPCIONAIS DE FRONTEIRA-MG (APAE) E DÁ OUTRAS PROVIDÊNCIAS.",,"13/12/2024 15:53:03","13/12/2024 15:53:03",,"0"
"457","9","1","2122","2024","","AUTORIZA A CONCESSÃO DE CUSTEIO E/OU SUBVENÇÃO SOCIAL ÀS ASSOCIAÇÕES, ENTIDADES FILANTRÓPICAS E SINDICATOS QUE SE MENCIONA E DÁ OUTRAS PROVIDÊNCIAS.",,"13/12/2024 15:55:54","13/12/2024 15:55:54",,"0"
"458","9","1","2123","2024","","DISPÕE SOBRE A SUPLEMENTAÇÃO DE VERBAS DO ORÇAMENTO VIGENTE",,"13/12/2024 15:58:57","13/12/2024 15:58:57",,"0"
"459","1","1","7544","2024","","ESTABELECE HORÁRIOS ESPECIAIS DE ATENDIMENTO AO PÚBLICO E FUNCIONAMENTO DAS SECRETARIAS E ÓRGÃOS MUNICIPAIS E DÁ OUTRAS PROVIDÊNCIAS.",,"16/12/2024 13:27:02","16/12/2024 13:27:02",,"0"
"460","9","1","2125","2024","","ALTERA A LEI MUNICIPAL N° 2.077 DE 22 DE FEVEREIRO DE 2024",,"20/12/2024 09:50:41","20/12/2024 09:50:41",,"0"
"461","9","1","2126","2024","","ALTERA A LEI MUNICIPAL N° 1.940 DE 25 DE MARÇO DE 2021 E DÁ OUTRAS PROVIDENCIAS",,"20/12/2024 09:52:11","20/12/2024 09:52:11",,"0"
"462","9","1","2124","2024","","AUTORIZA O PODER EXECUTIVO A RECEBER IMÓVEL EM DAÇÃO EM PAGAMENTO E DÁ OUTRAS PROVIDÊNCIAS",,"20/12/2024 09:57:26","20/12/2024 09:57:26",,"0"
"463","3","1","0004","2024","","ALTERA A LEI COMPLEMENTAR N° 007 DE 09 DE NOVEMBRO DE 2022 E DÁ OUTRAS PROVIDÊNCIAS ",,"20/12/2024 10:03:08","20/12/2024 10:03:08",,"0"
"464","9","1","2127","2024","","ESTIMA A RECEITA E FIXA A DESPESA DO MUNICÍPIO DE FRONTEIRA PARA O EXERCÍCIO FINANCEIRO DE 2025.",,"20/12/2024 16:28:05","20/12/2024 16:28:05",,"0"
"465","9","1","2128","2024","","DISPÕE SOBRE A ABERTURA DE CRÉDITO ADICIONAL ESPECIAL NO ORÇAMENTO VIGENTE PARA A INCLUSÃO DE AÇÃO EM PROGRAMA DO PPA, LDO e LOA E DÁ OUTRAS PROVIDÊNCIAS.",,"24/12/2024 18:19:41","24/12/2024 18:19:41",,"0"
"466","1","1","7569","2024","","DECRETA LUTO OFICIAL NO MUNICÍPIO DE FRONTEIRA, EM VIRTUDE DO FALECIMENTO DO SR. RENATO MALVEZZI",,"27/12/2024 12:58:35","27/12/2024 12:58:35",,"0"
"467","1","1","7583","2025","","DESAFETA DO DOMÍNIO PÚBLICO OS BENS MÓVEIS QUE ESPECIFICA, DECLARA INSERVÍVEIS À ADMINISTRAÇÃO PÚBLICA E AUTORIZA A DOAÇÃO PARA FINS DE INTERESSE SOCIAL E DÁ OUTRAS PROVIDÊNCIAS.",,"9/1/2025 09:44:48","9/1/2025 09:44:48",,"0"
"468","1","1","7580","2025","","NOMEIA SERVIDORES PARA A FUNÇÃO DE AGENTE DE CONTRATAÇÃO E EQUIPE DE APOIO, DE QUE TRATA A LEI FEDERAL Nº 14.133/2021 E O DECRETO Nº 6.956/2023 E DÁ OUTRAS PROVIDÊNCIAS.",,"9/1/2025 09:50:57","9/1/2025 09:50:57",,"0"
"469","1","1","7581","2025","","NOMEIA SERVIDORES PARA A FUNÇÃO DE PREGOEIRO E EQUIPE DE APOIO, DE QUE TRATA A LEI FEDERAL Nº 14.133/2021 E O DECRETO Nº 6.956/2023 E DÁ OUTRAS PROVIDÊNCIAS.",,"9/1/2025 09:51:49","9/1/2025 09:51:49",,"0"
"470","1","1","7494","2024","","DISPÕE SOBRE O CANCELAMENTO DOS EMPENHOS QUE ESPECIFICA EM RAZÃO DA OCORRÊNCIA DE PRESCRIÇÃO E DÁ OUTRAS PROVIDÊNCIAS.",,"10/1/2025 13:43:28","10/1/2025 13:43:28",,"0"
"471","1","1","7495","2024","","DISPÕE SOBRE O CANCELAMENTO DOS EMPENHOS EXTRAVIADOS ENTRE 2017-2020 QUE ESPECIFICA E DÁ OUTRAS PROVIDÊNCIAS.",,"10/1/2025 13:44:57","10/1/2025 13:44:57",,"0"
"472","1","1","7493","2024","","AUTORIZA A PERMISSÃO DE USO DE BENS MÓVEIS QUE MENCIONA E DÁ OUTRAS PROVIDÊNCIAS.",,"15/1/2025 09:41:38","15/1/2025 09:41:38",,"0"
"473","1","1","7539","2024","","AUTORIZA A PERMISSÃO DE USO DE BENS MÓVEIS QUE MENCIONA E DÁ OUTRAS PROVIDÊNCIAS.",,"15/1/2025 09:42:30","15/1/2025 09:42:30",,"0"
"474","1","1","7579","2025","","APROVA O CALENDÁRIO OFICIAL DE FERIADOS E PONTOS FACULTATIVOS PARA O EXERCÍCIO DE 2025 NO MUNICÍPIO DE FRONTEIRA",,"15/1/2025 16:36:39","15/1/2025 16:36:39",,"0"
"475","1","1","7585","2025","","AUTORIZA A PERMISSÃO DE USO DE BENS MÓVEIS QUE MENCIONA E DÁ OUTRAS PROVIDENCIAS - APAE",,"17/1/2025 16:06:09","17/1/2025 16:06:09",,"0"
"476","1","1","7586","2025","","DISPÕE SOBRE O CRONOGRAMA DE VENCIMENTO DO IPTU (IMPOSTO PREDIAL E TERRITORIAL URBANO), DO EXERCÍCIO DE 2025, DO MUNICÍPIO DE FRONTEIRA-MG.",,"28/1/2025 15:51:36","28/1/2025 15:51:36",,"0"
"477","1","1","7604","2025","","DISPÕE SOBRE O DESCAUCIONAMENTO DE LOTES DADOS EM GARANTIA DE EXECUÇÃO DE OBRAS DE INFRAESTRUTURA NO LOTEAMENTO DENOMINADO “QUINTA REAL”, APROVADO POR MEIO DO DECRETO Nº 6.782, DE 05 DE JANEIRO DE 2023 E DÁ OUTRAS PROVIDÊNCIAS.",,"7/2/2025 10:00:28","7/2/2025 10:00:28",,"0"
"478","1","1","7618","2025","","DISPÕE SOBRE A INCLUSÃO DE EVENTO NO CALENDÁRIO DE EVENTOS OFICIAL DO MUNICÍPIO DE FRONTEIRA-MG, E DÁ OUTRAS PROVIDÊNCIAS. - FEIJOADA DAS AMIGAS",,"7/2/2025 10:01:37","7/2/2025 10:01:37",,"0"
"479","1","1","7619","2025","","DECLARA LUTO OFICIAL NO MUNICIPIO EM RAZÃO DO FALECIMENTO DO SENHOR ILSON OLIVEIRA NEVES",,"10/2/2025 09:56:07","10/2/2025 09:56:07",,"0"
"481","1","1","7605","2025","","AUTORIZA A PERMISSÃO DE USO DE ÁREAS E LOGRADOUROS PÚBLICOS QUE MENCIONAM COM O FECHAMENTO PARCIAL DAS RUAS DESCRITAS, NAS SEXTAS- FEIRAS, SÁBADOS E FERIADOS, NOS HORÁRIOS COMPREENDIDOS ENTRE ÀS 18H E ÀS 6H E DÁ OUTRAS PROVIDÊNCIAS.",,"19/2/2025 10:19:14","19/2/2025 10:19:14",,"0"
"482","1","1","7622","2025","","DESIGNA MEMBROS PARA O CONSELHO MUNICIPAL DE ASSISTÊNCIA SOCIAL DO MUNICÍPIO DE FRONTEIRA E DÁ OUTRAS PROVIDÊNCIAS.",,"19/2/2025 10:20:29","19/2/2025 10:20:29",,"0"
"483","1","1","7628","2025","","REGULAMENTA A LEI FEDERAL Nº 15.100, DE 13 DE JANEIRO DE 2025, QUE DISPÕE SOBRE A UTILIZAÇÃO DE APARELHOS ELETRÔNICOS PORTÁTEIS PESSOAIS NOS ESTABELECIMENTOS DE ENSINO DA EDUCAÇÃO BÁSICA NO MUNICÍPIO DE FRONTEIRA E DÁ OUTRAS PROVIDÊNCIAS.",,"27/2/2025 13:31:26","27/2/2025 13:31:26",,"0"
"484","1","1","7646","2025","","INSTITUI A COMISSÃO INTERSETORIAL DO PROGRAMA BOLSA FAMÍLIA (PBF), NOMEIA SEUS MEMBROS E DÁ OUTRAS PROVIDÊNCIAS.",,"17/3/2025 14:30:47","17/3/2025 14:30:47",,"0"
"485","1","1","7647","2025","","DISPÕE SOBRE APROVAÇÃO DE LOTEAMENTO DENOMINADO “PORTAL DO PARAÍSO I” E DÁ OUTRAS PROVIDÊNCIAS.",,"17/3/2025 14:33:34","17/3/2025 14:33:34",,"0"
"486","9","1","2129","2025","","DISPÕE SOBRE A NOVA DENOMINAÇÃO DE RUAS DO CONDOMÍNIO MEU CHÃO E DÁ OUTRAS PROVIDÊNCIAS. ",,"17/3/2025 14:37:51","17/3/2025 14:37:51",,"0"
"487","9","1","2130","2025","","AUTORIZA A CONCESSÃO DE SUBVENÇÃO SOCIAL À COLÔNIA DE PESCADORES DE FRONTEIRA E REGIÃO – CHICO SIMPLICIO Z-14 E DÁ OUTRAS PROVIDÊNCIAS.",,"17/3/2025 14:38:47","17/3/2025 14:38:47",,"0"
"488","9","1","2131","2025","","ALTERA A EMENTA E O ARTIGO 2º DA LEI Nº 2.103, DE 14 DE AGOSTO DE 2024 E DÁ OUTRAS PROVIDÊNCIAS",,"17/3/2025 14:40:08","17/3/2025 14:40:08",,"0"
"489","9","1","2132","2025","","DÁ A DENOMINAÇÃO DE “ILSON DE OLIVEIRA NEVES” AO ESF-5 (ESTRATÉGIA SAÚDE DA FAMÍLIA), SITUADO À RUA 59, NO BAIRRO ÂNGELO PASSUELO E DÁ OUTRAS PROVIDÊNCIAS.",,"17/3/2025 14:41:23","17/3/2025 14:41:23",,"0"
"490","9","1","2133","2025","","INSTITUI A PREMIAÇÃO ""MULHER FRONTEIRENSE"" CELEBRANDO O DIA INTERNACIONAL DA MULHER, DESTINADA A RECONHECER MULHERES QUE SE DESTACAM EM DIVERSAS ÁREAS DE ATUAÇÃO, COMO CIÊNCIA, ARTE, CULTURA, POLÍTICA, ESPORTES, EMPREENDEDORISMO E CAUSAS SOCIAIS E DÁ OUTRAS PROVIDÊNCIAS. ",,"17/3/2025 14:42:28","17/3/2025 14:42:28",,"0"
"491","9","1","2134","2025","","ALTERA A LEI MUNICIPAL N. 2.104 DE 14 DE AGOSTO DE 2024, E DÁ OUTRAS PROVIDÊNCIAS.",,"17/3/2025 14:43:23","17/3/2025 14:43:23",,"0"
"492","9","1","2135","2025","","AUTORIZA O PODER EXECUTIVO MUNICIPAL A INCINERAR E/OU DESTRUIR MECANICAMENTE, OU POR MEIOS EQUIVALENTES, DOCUMENTOS E DÁ OUTRAS PROVIDÊNCIAS. ",,"18/3/2025 14:42:54","18/3/2025 14:42:54",,"0"
"493","1","1","7658","2025","","DISPÕE SOBRE A INCLUSÃO DE EVENTO NO CALENDÁRIO DE EVENTOS OFICIAL DO MUNICÍPIO DE FRONTEIRA-MG, E DÁ OUTRAS PROVIDÊNCIAS.",,"2/4/2025 10:03:22","2/4/2025 10:03:22",,"0"
"494","1","1","7669","2025","","INSTITUI, NOMEIA E EMPOSSA OS MEMBROS DO COMITÊ TÉCNICO MUNICIPAL DE PROMOÇÃO DA EQUIDADE EM SAÚDE E DÁ OUTRAS PROVIDÊNCIAS.",,"8/4/2025 08:31:53","8/4/2025 08:31:53",,"0"
"495","9","1","2136","2025","","DISPÕE SOBRE A ABERTURA DE CRÉDITO ADICIONAL ESPECIAL NO ORÇAMENTO VIGENTE PARA A INCLUSÃO DE AÇÃO EM PROGRAMA DO PPA, LDO e LOA E DÁ OUTRAS PROVIDÊNCIAS.",,"15/4/2025 14:39:42","15/4/2025 14:39:42",,"0"
"496","9","1","2137","2025","","AUTORIZA A RECOMPOSIÇÃO INFLACIONÁRIA AOS SUBSÍDIOS DOS VEREADORES DA LEGISLATURA 2025-2028 DA CÂMARA MUNICIPAL DE FRONTEIRA-MG, REFERENTE AO PERÍODO DE 2024, E DÁ OUTRAS PROVIDÊNCIAS",,"15/4/2025 14:44:11","15/4/2025 14:44:11",,"0"
"497","9","1","2138","2025","","DISPÕE SOBRE A SUPLEMENTAÇÃO DE VERBAS DO ORÇAMENTO VIGENTE",,"29/4/2025 14:49:48","29/4/2025 14:49:48",,"0"
"498","1","1","7694","2025","","DECLARA LUTO OFICIAL NO MUNICÍPIO DE FRONTEIRA-MG EM RAZÃO DO FALECIMENTO DA SENHORA MARIA AURORA DA SILVA",,"15/5/2025 13:57:34","15/5/2025 13:57:34",,"0"
"499","1","1","7695","2025","","DECLARA LUTO OFICIAL NO MUNICÍPIO
DE FRONTEIRA-MG EM RAZÃO DO
FALECIMENTO SENHORES MÁRIO
EURÍPEDES DA SILVA E CELIA MARIA DA
SILVA VICENTE E DÁ OUTRAS
PROVIDÊNCIAS.",,"22/5/2025 14:09:21","22/5/2025 14:09:21",,"0"
"500","3","1","0001","2025","","ALTERA A LEI COMPLEMENTAR Nº 007, DE 09 DE NOVEMBRO DE 2022 E DISPÕE SOBRE A CRIAÇÃO E EXTINÇÃO DE CARGOS COMISSIONADOS NO ÂMBITO DA ADMINISTRAÇÃO PÚBLICA MUNICIPAL, SEM AUMENTO DE DESPESAS, E DÁ OUTRAS PROVIDÊNCIAS.",,"23/5/2025 16:01:47","23/5/2025 16:01:47",,"0"
"501","9","1","2139","2025","","
ALTERA O INCISO III DO ART. 1º, DA LEI MUNICIPAL Nº 2.122, DE 11 DE DEZEMBRO DE 2024 E DÁ OUTRAS PROVIDÊNCIAS.",,"23/5/2025 16:03:24","23/5/2025 16:03:24",,"0"
"502","1","1","7697","2025","","DISPÕE SOBRE A NOMEAÇÃO DE MEMBROS E SUPLENTES PARA A COMPOSIÇÃO DO CONSELHO DE ALIMENTAÇÃO ESCOLAR - CAE, E DÁ OUTRAS PROVIDÊNCIAS",,"29/5/2025 15:49:57","29/5/2025 15:49:57",,"0"
"503","9","1","2140","2025","","AUTORIZA A CONCESSÃO DE SUBVENÇÃO SOCIAL À ASSOCIAÇÃO DE COMBATE AO CÂNCER DO BRASIL CENTRAL E DÁ OUTRAS PROVIDÊNCIAS.",,"3/6/2025 08:28:57","3/6/2025 08:28:57",,"0"
"504","1","1","7711","2025","","CONVOCA A 12ª CONFERÊNCIA MUNICIPAL DA ASSISTÊNCIA SOCIAL DE FRONTEIRA/MG.",,"4/6/2025 08:31:24","4/6/2025 08:31:24",,"0"
"505","1","1","7696","2025","","REGULAMENTA A LEI MUNICIPAL Nº 2.079, DE 22 DE FEVEREIRO DE 2024 E O FUNDO MUNICIPAL DE DIREITOS DO IDOSO E DÁ OUTRAS PROVIDÊNCIAS.",,"4/6/2025 08:48:47","4/6/2025 08:48:47",,"0"
"506","1","1","7731","2025","","DISPÕE SOBRE NOMEAÇÃO DE COMISSÃO ESPECIAL DE AVALIAÇÃO DE VEÍCULOS E DÁ OUTRAS PROVIDÊNCIAS.",,"24/6/2025 09:34:47","24/6/2025 09:34:47",,"0"
"507","1","1","7732","2025","","DISPÕE SOBRE NOMEAÇÃO DE MEMBROS PARA COMPOSIÇÃO DA COMISSÃO ESPECIAL DE ANÁLISE DE PRESERVAÇÃO OU DE DESTRUIÇÃO DE DOCUMENTOS PÚBLICOS, E DÁ OUTRAS PROVIDÊNCIAS.",,"24/6/2025 09:48:38","24/6/2025 09:48:38",,"0"
"508","9","1","2145","2025","","CONCEDE RECOMPOSIÇÃO INFLACIONÁRIA ANUAL AOS SERVIDORES DA CÂMARA MUNICIPAL DE FRONTEIRA MINAS GERAIS.",,"24/6/2025 09:52:05","24/6/2025 09:52:05",,"0"
"509","9","1","2146","2025","","AUTORIZA O PODER EXECUTIVO MUNICIPAL A PROMOVER E REGULARIZAR O PROCESSO DE TRANSFERÊNCIA DE IMÓVEIS NA FORMA QUE MENCIONA E DÁ OUTRAS PROVIDÊNCIAS.",,"26/6/2025 15:11:41","26/6/2025 15:11:41",,"0"
"510","1","1","7739","2025","","CONVOCA A 12ª CONFERÊNCIA MUNICIPAL DA ASSISTÊNCIA SOCIAL DE FRONTEIRA/MG.",,"26/6/2025 15:13:46","26/6/2025 15:13:46",,"0"
"511","9","1","2147","2025","","AUTORIZA O PODER EXECUTIVO MUNICIPAL A PROMOVER E REGULARIZAR O PROCESSO DE TRANSFERÊNCIA DO IMÓVEL NA FORMA QUE MENCIONA E DÁ OUTRAS PROVIDÊNCIAS.",,"4/7/2025 15:00:48","4/7/2025 15:00:48",,"0"
"512","3","1","0002","2025","","ISENTA DO PAGAMENTO DE IMPOSTO PREDIAL E TERRITORIAL URBANO (IPTU) OS PENSIONISTAS QUE RECEBEM ATÉ O CORRESPONDENTE A 1 (UM) SALÁRIO MÍNIMO E QUE POSSUAM APENAS UM IMÓVEL OBJETO DO TRIBUTO E RESIDAM NO MESMO, E DÁ OUTRAS PROVIDÊNCIAS. ",,"4/7/2025 15:03:29","4/7/2025 15:03:29",,"0"
"513","3","1","0003","2025","","AUTORIZA O MUNICÍPIO DE FRONTEIRA A CONCEDER DIREITO REAL DE USO DE IMÓVEL DE SUA PROPRIEDADE, LOCALIZADO NO DISTRITO INDUSTRIAL, MEDIANTE CONCORRÊNCIA PÚBLICA E DÁ OUTRAS PROVIDÊNCIAS. ",,"4/7/2025 15:04:58","4/7/2025 15:04:58",,"0"
"514","1","1","7740","2025","","NOMEIA OS MEMBROS DO CONSELHO MUNICIPAL DE DESENVOLVIMENTO ECONÔMICO SUSTENTÁVEL (CMDES) E DÁ OUTRAS PROVIDÊNCIAS.",,"4/7/2025 15:08:05","4/7/2025 15:08:05",,"0"
"515","1","1","7757","2025","","AUTORIZA A PERMISSÃO DE USO DE BENS MÓVEIS QUE MENCIONA E DÁ OUTRAS PROVIDÊNCIAS.",,"4/7/2025 15:21:41","4/7/2025 15:21:41",,"0"
"516","1","1","7756","2025","","REGULAMENTA E NOMEIA A EQUIPE DE REFERÊNCIA DA PROTEÇÃO SOCIAL ESPECIAL DE MÉDIA COMPLEXIDADE DO MUNICÍPIO DE FRONTEIRA E DÁ OUTRAS PROVIDÊNCIAS.",,"4/7/2025 15:42:32","4/7/2025 15:42:32",,"0"
"517","1","1","7758","2025","","DISPÕE SOBRE NOMEAÇÃO DE MEMBROS PARA COMPOSIÇÃO DE COMISSÃO ESPECIAL DE ANÁLISE DE PRESERVAÇÃO OU DE DESTRUIÇÃO DE DOCUMENTOS PÚBLICOS, E DÁ OUTRAS PROVIDÊNCIAS.",,"14/7/2025 09:16:17","14/7/2025 09:16:17",,"0"
"518","1","1","7760","2025","","AUTORIZA A PERMISSÃO DE USO DE PARTE DO IMÓVEL QUE MENCIONA E DÁ OUTRAS PROVIDÊNCIAS",,"24/7/2025 15:12:02","24/7/2025 15:12:02",,"0"
"519","9","1","2148","2025","","RATIFICA AS ALTERAÇÕES PROMOVIDAS NO CONTRATO DE CONSÓRCIO PÚBLICO E ESTATUTO DO CONSÓRCIO PÚBLICO INTERMUNICIPAL DE SAÚDE DA REDE DE URGÊNCIA E EMERGÊNCIA DA MACRORREGIÃO DO TRIÂNGULO DO SUL - CISTRISUL E DÁ OUTRAS PROVIDÊNCIAS.",,"1/8/2025 14:51:23","1/8/2025 14:51:23",,"0"
"520","9","1","2149","2025","","MODIFICA A COMPOSIÇÃO DO CONSELHO MUNICIPAL DE DESENVOLVIMENTO ECONÔMICO SUSTENTÁVEL (CMDES), ALTERA O ART. 3º DA LEI Nº 1.987 DE 19 JANEIRO DE 2022 E DÁ OUTRAS PROVIDÊNCIAS",,"1/8/2025 14:56:17","1/8/2025 14:56:17",,"0"
"521","1","1","7784","2025","","ALTERA E NOMEIA OS MEMBROS PARA COMPOR A COMISSÃO PROCESSANTE DE JULGAMENTO DE PROCESSO ADMINISTRATIVO PARA VERIFICAÇÃO DE RESPONSABILIDADE DAS MULTAS DE TRÂNSITO NOS VEÍCULOS DA PREFEITURA MUNICIPAL DE FRONTEIRA E INSERE O “INCISO V” NO ARTIGO 13, DO DECRETO Nº 3.706, DE 08 DE MAIO DE 2018 E DÁ OUTRAS PROVIDÊNCIAS.",,"14/8/2025 09:22:58","14/8/2025 09:22:58",,"0"
"522","1","1","7785","2025","","ALTERA E CONSOLIDA A COMISSÃO DE SELEÇÃO DA LEI ALDIR BLANC, COM A FINALIDADE DE DEFINIR PARÂMETROS, DAR APOIO TÉCNICO, SELECIONAR, FISCALIZAR E ACOMPANHAR A EXECUÇÃO DA LEI FEDERAL Nº 14.399, DE 08 DE JULHO DE 2022 E DÁ OUTRAS PROVIDÊNCIAS.",,"14/8/2025 09:25:17","14/8/2025 09:25:17",,"0"
"523","1","1","7788","2025","","DESIGNA SERVIDORES PARA COMPOREM A COMISSÃO DE PROCESSO ADMINISTRATIVO SANCIONADOR, DE QUE TRATAM ÀS LEIS FEDERAIS Nº 8.666/1993 E 14.133/2021 E DÁ OUTRAS PROVIDÊNCIAS.",,"14/8/2025 09:27:41","14/8/2025 09:27:41",,"0"
"524","9","1","2150","2025","","AUTORIZA A FORMALIZAÇÃO DE CONTRIBUIÇÃO ANUAL DE FILIAÇÃO À UNDIME-MG (UNIÃO DOS DIRIGENTES MUNICIPAIS DE EDUCAÇÃO DE MINAS GERAIS) E DÁ OUTRAS PROVIDÊNCIAS.",,"14/8/2025 09:31:17","14/8/2025 09:31:17",,"0"
"525","9","1","2151","2025","","AUTORIZA O PODER EXECUTIVO MUNICIPAL A PROMOVER E REGULARIZAR O PROCESSO DE TRANSFERÊNCIA DE IMÓVEIS NA FORMA QUE MENCIONA E DÁ OUTRAS PROVIDÊNCIAS.",,"14/8/2025 09:51:06","14/8/2025 09:51:06",,"0"
"526","1","1","7789","2025","","AUTORIZA A PERMISSÃO DE USO DE IMÓVEL QUE MENCIONA E DÁ OUTRAS PROVIDÊNCIAS",,"15/8/2025 14:13:02","15/8/2025 14:13:02",,"0"
"527","1","1","7791","2025","","REGULAMENTA O FUNDO MUNICIPAL DE DIREITOS DO IDOSO, PREVISTO NA LEI MUNICIPAL Nº 2.079, DE 22 DE FEVEREIRO DE 2024 E DÁ OUTRAS PROVIDÊNCIAS.",,"19/8/2025 15:31:05","19/8/2025 15:31:05",,"0"
"528","1","1","7792","2025","","DISPÕE SOBRE A INSTITUIÇÃO DO FÓRUM MUNICIPAL LIXO E CIDADANIA DE FRONTEIRA/MG, APROVA SEU REGIMENTO INTERNO E DÁ OUTRAS PROVIDÊNCIAS.",,"19/8/2025 15:32:31","19/8/2025 15:32:31",,"0"
"529","1","1","7799","2025","","DESAFETA DO DOMÍNIO PÚBLICO OS BENS MÓVEIS QUE ESPECIFICA, DECLARA INSERVÍVEIS À ADMINISTRAÇÃO PÚBLICA E AUTORIZA A DOAÇÃO PARA FINS DE INTERESSE SOCIAL E DÁ OUTRAS PROVIDÊNCIAS.",,"27/8/2025 13:30:24","27/8/2025 13:30:24",,"0"
"530","9","1","2152","2025","","DISPÕE SOBRE SUPLEMENTAÇÃO DE VERBAS DO ORÇAMENTO   VIGENTE.",,"27/8/2025 13:58:27","27/8/2025 13:58:27",,"0"
"531","9","1","1852","2019","","FIXA VALOR PARA PAGAMENTO DE OBRIGAÇÕES DE PEQUENO VALOR/RPV DECORRENTES DE DECISÕES JUDICIAIS, NOS TERMOS DO ART. 100, PARÁGRAFOS 3° E 4° DA CONSTITUIÇÃO FEDERAL",,"5/9/2025 13:33:43","5/9/2025 13:33:43",,"0"
"532","1","1","7824","2025","","DISPÕE SOBRE A INCLUSÃO DE EVENTO NO CALENDÁRIO DE EVENTOS OFICIAL DO MUNICÍPIO DE FRONTEIRA-MG, E DÁ OUTRAS PROVIDÊNCIAS.",,"8/9/2025 15:44:33","8/9/2025 15:44:33",,"0"
"533","1","1","7826","2025","","DISPÕE SOBRE A INCLUSÃO DE EVENTO NO CALENDÁRIO DE EVENTOS OFICIAL DO MUNICÍPIO DE FRONTEIRA-MG, E DÁ OUTRAS PROVIDÊNCIAS.",,"8/9/2025 16:10:25","8/9/2025 16:10:25",,"0"
"534","1","1","7827","2025","","NOMEIA SERVIDORES PARA A FUNÇÃO DE PREGOEIRO E EQUIPE DE APOIO, DE QUE TRATA A LEI FEDERAL Nº 14.133/2021 E O DECRETO Nº 6.956/2023 E DÁ OUTRAS PROVIDÊNCIAS.",,"8/9/2025 16:12:31","8/9/2025 16:12:31",,"0"
"535","1","1","7829","2025","","DISPÕE SOBRE A INCLUSÃO DE EVENTO NO CALENDÁRIO DE EVENTOS OFICIAL DO MUNICÍPIO DE FRONTEIRA-MG, E DÁ OUTRAS PROVIDÊNCIAS.",,"8/9/2025 16:14:19","8/9/2025 16:14:19",,"0"
