"id","nome","nome_es","html","html_es","tags","ativo","created_at","updated_at","idCategoriaPagina","ano","mes"
"78","História",,"<p><strong>Fronteira Minas Gerais – MG</strong></p>

<p><strong>Histórico</strong><br />
Fronteira foi fundada no dia 18 de julho de 1943, ao contrário de outros núcleos urbanos<br />
da região, a cidade foi planejada antes de sua construção. Seu idealizador e fundador foi o<br />
jornalista, advogado, escritor e poeta, Dr. Maurício Goulart, que contou com uma equipe de<br />
colaboradores, também jornalistas e intelectuais, todos de São Paulo. A idéia parece ter surgido<br />
após a construção da ponte Mendonça Lima, sobre o Rio Grande, ligando São Paulo a Minas<br />
Gerais, e inaugurada em 1943, onde o responsável era o general Miguel Costa. Foi então criada a<br />
Companhia Construtora da cidade de Fronteira, da qual participaram pessoas ligadas ao<br />
jornalista que se empenharam na execução da obra.<br />
Segundo consta, o nome Fronteira não foi escolhido em virtude da condição fronteiriça da nova<br />
cidade, mas pelos significados que a idéia de se erguer um núcleo em plena selva trazia para seus<br />
construtores, isto é de uma nova realidade que se abria em suas vidas.<br />
Fronteira foi planejada para ser polo de atração turística, e em tudo a natureza colaborou<br />
para a realização deste sonho com suas belíssimas cachoeiras: dos Patos, do Marimbondo, das<br />
Andorinhas, o Rebojinho, o Ferrador, e uma quantidade enorme de peixes os quais foram<br />
inundados pela barragem da represa de Marimbondo.<br />
A partir da edificação das primeiras casas, foi instalado, em 1945, um centro telefônico,<br />
da Companhia de Telefones do Brasil Central e posteriormente, construída a Usina Hidrelétrica<br />
de Marimbondo, das Centrais elétricas de Furnas. O núcleo cresceu integrado ao município de<br />
Frutal, do qual se desligou em 30 de dezembro de 1962, quando a Lei n.º 2764 criou o município<br />
e a cidade. A cidade faz parte da 116º região administrativa contando com um único distrito.</p>

<p><strong>Gentílico:</strong> Fronteirense</p>

<p><strong>Formação Administrativa</strong></p>

<p>Elevado á categoria de município e distrito com a denominação de Fronteira, pela Lei<br />
estadual nº 2764, de 30-12-1962, desmembrado do município de Frutal. Sede no atual distrito de<br />
Fronteira. Constituído do distrito sede. Instalado em 01-03-1963.<br />
Em divisão territorial datada de 31-XII-1963, o município é constituído do distrito sede.<br />
Assim permanecendo em divisão territorial datada de 2001.<br />
Pela Lei nº municipal 1161, de 07-05-2004, é criado o distrito de Santo Antônio do Rio<br />
Grande e anexado ao município de Fronteira.<br />
Em divisão territorial datada de 2005, o município é constituído de 2 distritos: Fronteira e<br />
Santo Antônio do Rio Grande.<br />
Assim permanecendo em divisão territorial datada de 2007.</p>

<p> </p>

<p><a href=""https://www.facebook.com/groups/fronteira.mg.fotosantigas"">Conheça mais ...</a></p>

<p style=""text-align:right""> </p>
","",,"1","17/6/2015 19:18:20","7/3/2021 15:31:54","1",,
"142","Lista de CMEIS",,"",,,"0","30/8/2017 12:15:30","13/9/2017 13:59:30","3",,
"143","PPA - Plano Plurianual",,"<h2><strong>ELABORAÇÃO DO PPA – PLANO PLURIANUAL 2018 - 2021</strong></h2>

<h3><br />
Sua opinião é importantíssima para nós. Participe!</h3>

<p> </p>

<p><strong>PLANEJAMENTO GOVERNAMENTAL</strong></p>

<p style=""text-align:justify"">Planejar é indispensável, pois viabiliza a eficiência e a eficácia da máquina publica, a qualidade do planejamento ditará os rumos para a gestão, refletindo no bem-estar da população. O planejamento é o domínio sobre algo que está por acontecer.</p>

<p style=""text-align:justify""> </p>

<p><strong>OBJETIVOS DO PLANEJAMENTO</strong></p>

<p style=""text-align:justify"">• O controle do déficit público e a necessidade de equilíbrio das contas são preocupações latentes por parte de todos os setores da sociedade;<br />
• Promover o saneamento das contas públicas;<br />
• Proporcionar aos municípios a alocação de recursos próprios em investimentos e ações, evitando que estes recorram a financiamentos ou operações de crédito para obtenção de recursos;<br />
• Assegurar a <strong>viabilização de metas </strong>que se pretende alcançar;<br />
• Viabilizar a implantação do programa de governo do administrador, o qual foi <strong>aprovado quando do pleito eleitoral;</strong><br />
• Impedir que as ações governamentais sejam definidas no decorrer da execução do orçamento, a varejo, imediatismo, e que sejam realizadas a “toque de caixa”, considerando-se apenas os anseios pessoais;<br />
• Garantir que as ações governamentais sejam realizadas dentro da capacidade financeira do Município;<br />
• Garantir a manutenção e a conservação do patrimônio público;<br />
• Executar as ações governamentais prioritárias, possibilitando a conclusão de todos os projetos iniciados;<br />
• Transportar os anseios e as carências da população local para o papel elegendo as prioridades;<br />
• Compatibilizar os gastos com os recursos públicos e, por conseguinte, conduzir o orçamento e as finanças na manutenção e alcance do equilíbrio das contas públicas;</p>

<p> </p>

<p><strong>INSTRUMENTOS DE PLANEJAMENTO </strong>:</p>

<p>A constituição federal de 1988 deu ênfase a função de planejamento, evidenciando a necessidade de integração entre os instrumentos de planejamento:<br />
— Plano diretor;<br />
— PPA - plano plurianual;<br />
— LDO - lei de diretrizes orçamentárias;<br />
— LOA - lei orçamentária anual.                                                                       </p>

<p>                                                                            (Art. 166 § 4º, da CF/88)</p>

<p><br />
<strong>Os Principais Objetivos do PPA são:</strong></p>

<p>— Definir, com clareza as metas e prioridades da administração, bem como os resultados esperados;<br />
— Organizar em programas, as ações de que resulte oferta de bens ou serviços que atendam as demandas da sociedade;<br />
— Estabelecer a necessária relação entre os programas a serem desenvolvidos e a orientação estratégica do governo;<br />
— Nortear a alocação de recursos nos orçamentos anuais, compatível com as metas e recursos do Plano;</p>

<p> </p>

<p> </p>
",,,"0","20/9/2017 21:44:03","20/9/2017 21:44:30","1",,
"149","Página sobre novos processos",,"<p>Mussum Ipsum, cacilds vidis litro abertis. Interagi no mé, cursus 
quis, vehicula ac nisi.  Mauris nec dolor in eros commodo tempor. Aenean
 aliquam molestie leo, vitae iaculis nisl.  A ordem dos tratores não 
altera o pão duris.  Atirei o pau no gatis, per gatis num morreus.  </p><p>Praesent
 vel viverra nisi. Mauris aliquet nunc non turpis scelerisque, eget.  Si
 u mundo tá muito paradis? Toma um mé que o mundo vai girarzis!  
Praesent malesuada urna nisi, quis volutpat erat hendrerit non. Nam 
vulputate dapibus.  Aenean aliquam molestie leo, vitae iaculis nisl.  </p><p>Nec
 orci ornare consequat. Praesent lacinia ultrices consectetur. Sed non 
ipsum felis.  Todo mundo vê os porris que eu tomo, mas ninguém vê os 
tombis que eu levo!  Si num tem leite então bota uma pinga aí cumpadi!  
Posuere libero varius. Nullam a nisl ut ante blandit hendrerit. Aenean 
sit amet nisi.  </p><p>Cevadis im ampola pa arma uma pindureta.  Não sou
 faixa preta cumpadi, sou preto inteiris, inteiris.  Per aumento de 
cachacis, eu reclamis.  Suco de cevadiss, é um leite divinis, qui tem 
lupuliz, matis, aguis e fermentis.  </p><p>Quem num gosta di mim que vai
 caçá sua turmis!  Leite de capivaris, leite de mula manquis sem cabeça.
  Sapien in monti palavris qui num significa nadis i pareci latim.  
Delegadis gente finis, bibendum egestas augue arcu ut est.  </p><p>Quem 
num gosta di mé, boa gentis num é.  Mé faiz elementum girarzis, nisi 
eros vermeio.  Tá deprimidis, eu conheço uma cachacis que pode alegrar 
sua vidis.  Paisis, filhis, espiritis santis.  </p><p>Vehicula non. Ut 
sed ex eros. Vivamus sit amet nibh non tellus tristique interdum.  
Manduma pindureta quium dia nois paga.  Quem manda na minha terra sou 
euzis!  Viva Forevis aptent taciti sociosqu ad litora torquent.  </p><p>Casamentiss
 faiz malandris se pirulitá. Diuretics paradis num copo é motivis de 
denguis.  Copo furadis é disculpa de bebadis, arcu quam euismod magna.  
Suco de cevadiss deixa as pessoas mais interessantis.  </p><p>In 
elementis mé pra quem é amistosis quis leo.  Pra lá , depois divoltis 
porris, paradis.  Detraxit consequat et quo num tendi nada.  Admodum 
accumsan disputationi eu sit. Vide electram sadipscing et per.  </p><p>Nullam
 volutpat risus nec leo commodo, ut interdum diam laoreet. Sed non 
consequat odio.  Mais vale um bebadis conhecidiss, que um alcoolatra 
anonimis.  Interessantiss quisso pudia ce receita de bolis, mais bolis 
eu num gostis. Em pé sem cair, deitado sem dormir, sentado sem cochilar e
 fazendo pose.  </p>",,,"0","2/1/2018 18:49:56","2/1/2018 18:49:56","3",,
"155","Teste",,"<p>Lorem ipsum dolor sit amet, consectetur adipiscing elit. Quisque in enim tincidunt, eleifend lorem in, malesuada justo. Nullam quis rutrum eros, at porta risus. Integer quis orci ipsum. In egestas nec eros sit amet tempus. Sed bibendum maximus neque, sit amet imperdiet libero egestas et. Sed ultricies libero non semper posuere. Nulla interdum sapien eget neque placerat, id pretium tortor aliquet. Nullam gravida fermentum lacus, a eleifend enim consectetur ac. Etiam vestibulum non arcu ullamcorper gravida. Etiam a posuere nisl, ac auctor tellus. Pellentesque a est maximus, semper augue tristique, auctor ligula. Mauris quis vestibulum nulla, vel condimentum felis. Nunc vel sem vel mauris vehicula scelerisque. Aliquam vel orci sed massa aliquet cursus. Sed mollis orci est, sit amet placerat metus gravida vitae.</p>",,,"0","15/8/2018 14:54:46","15/8/2018 14:54:46","3",,
"156","ITR",,"",,,"0","10/1/2019 14:44:51","10/1/2019 14:44:51","1",,
"158","Conselho Tutelar de Fronteira MG",,"<p style=""text-align:justify""><span style=""font-size:20px""><strong>CONSELHO TUTELAR DO DIREITOS DA CRIANÇA E DO ADOLESCENTE DE FRONTEIRA MG</strong></span></p>

<p style=""text-align:justify""><span style=""font-family:Arial,Helvetica,sans-serif""><span style=""font-size:14px"">Lei Federeal Nº 8069 de 13/07/1990</span></span></p>

<p style=""text-align:justify""><span style=""font-family:Arial,Helvetica,sans-serif""><span style=""font-size:14px"">Lei Municipal Nº 1021 de 17/10/2001</span></span></p>

<p style=""text-align:justify""><span style=""font-family:Arial,Helvetica,sans-serif""><span style=""font-size:14px""><strong>Endereço:</strong> Avenida Minas Gerais, <strong>Nº </strong>141,<strong> Bairro:</strong> Centro, <strong>CEP:</strong> 38230 - 000</span></span></p>

<p style=""text-align:justify""><span style=""font-family:Arial,Helvetica,sans-serif""><span style=""font-size:14px""><strong>Telefone:</strong> (34) 3428 - 3020 - <strong>Celular Plantão:</strong> (34) 9 9986 - 5713</span></span></p>

<p style=""text-align:justify""><strong><span style=""font-family:Arial,Helvetica,sans-serif""><span style=""font-size:14px"">Horario de Funcionamento: </span></span></strong></p>

<p style=""text-align:justify""><span style=""font-family:Arial,Helvetica,sans-serif""><span style=""font-size:14px""><strong>Manha:</strong> 08:00 hs às 11:00 hs</span></span></p>

<p style=""text-align:justify""><span style=""font-family:Arial,Helvetica,sans-serif""><span style=""font-size:14px""><strong>Tarde:</strong> 13:00 hs às 17:00 hs </span></span></p>

<p style=""text-align:justify""><span style=""font-family:Arial,Helvetica,sans-serif""><span style=""font-size:14px""><strong>Plantão no Celular 24 Horas:</strong> (34) 9 9986 - 5713 </span></span></p>

<p style=""text-align:justify""><span style=""font-family:Arial,Helvetica,sans-serif""><span style=""font-size:14px""><strong>Email: </strong>conselhotutelar@fronteira.mg.gov.br</span></span></p>

<p style=""text-align:justify""> </p>

<p style=""text-align:justify""><span style=""font-size:16px""><strong><span style=""font-family:Arial,Helvetica,sans-serif"">Conselhereiras Tutelares Atuantes</span></strong></span></p>

<p style=""text-align:justify""><span style=""font-family:Arial,Helvetica,sans-serif""><span style=""font-size:14px""><strong>Presidente: </strong>Naiara dos Santos Neves </span></span></p>

<p style=""text-align:justify""><span style=""font-family:Arial,Helvetica,sans-serif""><span style=""font-size:14px"">Rosemeire de Oliveira Pires Silva </span></span></p>

<p style=""text-align:justify""><span style=""font-family:Arial,Helvetica,sans-serif""><span style=""font-size:14px"">Joana Darc Canevarolli</span></span></p>

<p style=""text-align:justify""><span style=""font-family:Arial,Helvetica,sans-serif""><span style=""font-size:14px"">Eunice Lima da Silva Oliveira </span></span></p>

<p style=""text-align:justify""><span style=""font-family:Arial,Helvetica,sans-serif""><span style=""font-size:14px"">Mafalda Ferreira Teodoro</span></span></p>

<p style=""text-align:justify""> </p>

<p style=""text-align:justify""> </p>
",,,"0","26/2/2019 14:42:04","18/3/2019 13:26:59","1",,
"162",".",,"",,,"0","28/5/2020 14:51:31","31/1/2021 21:35:01","1",,
"172","Decretos sobre COVID-19 ",,"<p>Decretos</p>
",,,"0","31/1/2021 20:38:22","31/1/2021 22:11:16","1",,
"174","Dicas sobre COVID-19",,"<h2>O que é COVID-19</h2>

<p>Os coronavírus são uma grande família de vírus comuns em muitas espécies diferentes de animais, incluindo camelos, gado, gatos e morcegos. Raramente, os coronavírus que infectam animais podem infectar pessoas, como exemplo do MERS-CoV e SARS-CoV. Recentemente, em dezembro de 2019, houve a transmissão de um novo coronavírus (SARS-CoV-2), o qual foi identificado em Wuhan na China e causou a COVID-19, sendo em seguida disseminada e transmitida pessoa a pessoa.</p>

<p>A COVID-19 é uma doença causada pelo coronavírus, denominado SARS-CoV-2, que apresenta um espectro clínico variando de infecções assintomáticas a quadros graves. De acordo com a Organização Mundial de Saúde, a maioria (cerca de 80%) dos pacientes com COVID-19 podem ser assintomáticos ou oligossintomáticos (poucos sintomas), e aproximadamente 20% dos casos detectados requer atendimento hospitalar por apresentarem dificuldade respiratória, dos quais aproximadamente 5% podem necessitar de suporte ventilatório.</p>

<h2> </h2>

<p> </p>

<h2>Quais são os sintomas</h2>

<p>Os sintomas da COVID-19 podem variar de um resfriado, a uma Síndrome Gripal-SG (<strong>presença de um</strong> quadro respiratório agudo, caracterizado por, pelo menos dois dos seguintes sintomas: sensação febril ou febre associada a dor de garganta, dor de cabeça, tosse, coriza) até uma pneumonia severa. Sendo os sintomas mais comuns:</p>

<ul style=""list-style-type:disc"">
	<li>Tosse</li>
	<li>Febre</li>
	<li>Coriza</li>
	<li>Dor de garganta</li>
	<li>Dificuldade para respirar</li>
	<li>Perda de olfato (anosmia)</li>
	<li>Alteração do paladar (ageusia)</li>
	<li>Distúrbios gastrintestinais (náuseas/vômitos/diarreia)</li>
	<li>Cansaço (astenia)</li>
	<li>Diminuição do apetite (hiporexia)</li>
	<li>Dispnéia ( falta de ar)</li>
</ul>

<h2> </h2>

<p> </p>

<h2>Como é transmitido</h2>

<p>A transmissão acontece de uma pessoa doente para outra ou por contato próximo por meio de:</p>

<ul style=""list-style-type:disc"">
	<li>Toque do aperto de mão contaminadas;</li>
	<li>Gotículas de saliva;</li>
	<li>Espirro;</li>
	<li>Tosse;</li>
	<li>Catarro;</li>
	<li>Objetos ou superfícies contaminadas, como celulares, mesas, talheres, maçanetas, brinquedos, teclados de computador etc.</li>
</ul>

<h2> </h2>

<p> </p>

<h2>Diagnóstico</h2>

<p><strong>O diagnóstico da COVID-19 pode ser realizado a partir de critérios como:</strong></p>

<p><strong>1 - </strong>O <strong>DIAGNÓSTICO</strong> <strong>CLÍNICO</strong> é realizado pelo médico atendente, que deve avaliar a possibilidade da doença, principalmente, em pacientes com a associação dos seguintes sinais e sintomas:</p>

<ul>
	<li>Febre, que pode estar presente no momento do exame clínico ou referida pelo paciente (sensação febril) de ocorrência recente.</li>
	<li>Sintomas do trato respiratório (por exemplo, tosse, dispneia, coriza, dor de garganta)</li>
	<li> Outros sintomas consistentes incluindo, mialgias, distúrbios gastrointestinais (diarreia/náuseas/vômitos), perda ou diminuição do olfato (anosmia) ou perda ou diminuição do paladar (ageusia).</li>
</ul>

<p>Em<strong> </strong>crianças, além dos itens anteriores, considera-se também a obstrução nasal, a desidratação e a  falta de apetite (inapetência), na ausência de outro diagnóstico específico.<br />
Em idosos, deve-se considerar também, critérios específicos de agravamento como: síncope (desmaio ou perda temporária de consciência), confusão mental, sonolência excessiva, irritabilidade e falta de apetite (inapetência).<br />
O diagnóstico clínico da doença, também deve ser considerado em pacientes com doença grave do trato respiratório inferior sem causa clara, como é o caso de pacientes que se apresentem em Síndrome Respiratória Aguda Grave (SRAG). Nesta síndrome o indivíduo apresenta-se em franca dispneia/desconforto respiratório/dificuldade para respirar com saturação de oxigênio (O2) menor do que 95% em ar ambiente ou coloração azulada dos lábios ou rosto (cianose) ou queixa de pressão persistente no tórax.<br />
Em crianças, a SRAG apresenta-se com os sinais e sintomas anteriores, devendo ser observados sinais característicos de esforço respiratório, tais como,  os batimentos de asa de nariz, tiragem intercostal, e, por fim, alteração na coloração das extremidades que ficam azuladas (cianose).</p>

<p>2 - O <strong>DIAGNÓSTICO</strong> <strong>CLÍNICO-EPIDEMIOLÓGICO</strong> é realizado pelo médico atendente no qual considera-se:</p>

<ul>
	<li>casos de paciente com a associação dos sinais e sintomas supracitados ou SRAG <strong>MAIS</strong> histórico de contato próximo ou domiciliar, nos últimos 14 dias antes do aparecimento dos sintomas, com caso confirmado laboratorialmente para COVID-19 e para o qual não foi possível realizar a investigação laboratorial específica.</li>
</ul>

<p>3 - <strong>DIAGNÓSTICO CLÍNICO-IMAGEM</strong>:</p>

<ul>
	<li>caso de sintomas respiratório mais febre ou SRAG ou óbito por SRAG que não foi possível confirmar ou descartar por critério laboratorial <strong>E</strong> que apresente alterações tomográficas.</li>
</ul>

<p>4 -<strong> DIAGNÓSTICO LABORATORIAL</strong> - Caso o paciente apresente os sintomas respiratórios mais febre ou SRAG. O profissional de saúde poderá solicitar os seguintes exames laboratoriais:</p>

<ul style=""list-style-type:disc"">
	<li>De biologia molecular, (<strong>RT-PCR</strong> em tempo real) que diagnostica tanto a COVID-19, a Influenza ou a presença de Vírus Sincicial Respiratório (VSR) normalmente <strong>até</strong> <strong>o oitavo dia</strong> de início de sintomas.</li>
	<li>Imunológico, que detecta, ou não, a presença de anticorpos em amostras coletadas <strong>a partir do oitavo</strong> dia de início dos sintomas. Sendo eles:</li>
	<li>Ensaio imunoenzimático (Enzyme-Linked Immunosorbent Assay - ELISA);</li>
	<li>Imunocromatografia (<strong>teste rápido</strong>) para detecção de anticorpos;</li>
	<li>Imunoensaio por Eletroquimioluminescência (ECLIA).</li>
	<li>Pesquisa de antígenos: resultado reagente para SARS-CoV-2 pelo método de Imunocromatografia para detecção de antígeno.</li>
</ul>

<p>5 - <strong>DIAGNÓSTICO LABORATORIAL EM INDIVÍDUO ASSINTOMÁTICO </strong>(pessoa sem sintomas) que realizou:</p>

<ul style=""list-style-type:disc"">
	<li>Exame de Biologia Molecular com resultado DETECTÁVEL para SARS-CoV-2 realizado pelo método <strong>RT-PCR</strong> em tempo real.</li>
	<li>Exame de Imunológico com resultado REAGENTE para IgM e/ou IgA realizado pelos seguintes métodos:  Ensaio imunoenzimático (ELISA) e Imunocromatografia (<strong>teste rápido</strong>) para detecção de anticorpos.</li>
</ul>

<h2> </h2>

<p> </p>

<h2>Como se proteger</h2>

<p>As recomendações de prevenção à COVID-19 são as seguintes:</p>

<ul style=""list-style-type:disc"">
	<li>Lave com frequência as mãos até a altura dos punhos, com água e sabão, ou então higienize com álcool em gel 70%. Essa frequência deve ser ampliada quando estiver em algum ambiente público (ambientes de trabalho, prédios e instalações comerciais, etc), quando utilizar estrutura de transporte público ou tocar superfícies e objetos de uso compartilhado.</li>
	<li>Ao tossir ou espirrar, cubra nariz e boca com lenço ou com a parte interna do cotovelo.<br />
	Não tocar olhos, nariz, boca ou a máscara de proteção fácil com as mãos não higienizadas.<br />
	Se tocar olhos, nariz, boca ou a máscara, higienize sempre as mãos como já indicado.</li>
	<li>Mantenha distância mínima de 1 (um) metro entre pessoas em lugares públicos e de convívio social. Evite abraços, beijos e apertos de mãos. Adote um comportamento amigável sem contato físico, mas sempre com um sorriso no rosto.</li>
	<li>Higienize com frequência o celular, brinquedos das crianças e outro objetos que são utilizados com frequência.</li>
	<li>Não compartilhe objetos de uso pessoal como talheres, toalhas, pratos e copos.</li>
	<li>Mantenha os ambientes limpos e bem ventilados.</li>
	<li>Se estiver doente, evite contato próximo com outras pessoas, principalmente idosos e doentes crônicos, busque orientação pelos canais on-line disponibilizados pelo SUS ou atendimento nos serviços de saúde e siga as recomendações do profissional de saúde.</li>
	<li>Durma bem e tenha uma alimentação saudável.</li>
	<li>Recomenda-se a utilização de máscaras em todos os ambientes.  As máscaras de tecido (caseiras/artesanais), não são Equipamentos de Proteção Individual (EPI), mas podem funcionar como uma barreira física, em especial contra a saída de gotículas potencialmente contaminadas.</li>
</ul>

<p><a href=""http://portal.anvisa.gov.br/documents/219201/4340788/NT+M%C3%A1scaras.pdf/bf430184-8550-42cb-a975-1d5e1c5a10f7"">Veja aqui como confeccionar e usar a máscara caseira.</a><br />
<br />
Estimule familiares, amigos e colegas de trabalho sobre a importância do uso de máscara e da higienização das mãos na prevenção da disseminação do vírus causador da doença COVID-19.</p>

<p><strong>Dicas para viajantes:</strong></p>

<p>Caso você precise viajar, avalie a real necessidade. Se for inevitável viajar, previna-se e siga as orientações das autoridades de saúde locais.<br />
Ao voltar de viagens internacionais ou locais recomenda-se:</p>

<ul style=""list-style-type:disc"">
	<li>Reforçar os hábitos de higiene e proteção como a utilização de máscara, higienização das mãos com água e sabão ou com álcool em gel 70 %.</li>
	<li>Caso apresente sintomas de gripe, busque atendimento nos serviços de saúde, e evite contato com outras pessoas</li>
</ul>

<h2> </h2>

<p> </p>

<h2>Se eu ficar doente</h2>

<p>Se estiver doente, com sintomas compatíveis com a COVID-19, tais como febre, tosse, dor de garganta e/ou coriza, com ou sem falta de ar, evite contato físico com outras pessoas, incluindo os familiares, principalmente, idosos e doentes crônicos, <strong>Procure imediatamente os postos de triagem nas Unidades Básicas de Saúde / UPAS ou outras unidades de saúde.</strong> Após encaminhamento consulte-se com o médico. Uma vez diagnosticado pelo médico, receba as orientações e prescrição dos medicamentos que você deverá usar. O médico poderá solicitar exames complementares. Inicie o tratamento prescrito imediatamente. Mantenha seu médico sempre informado da evolução dos sintomas durante o tratamento e siga suas recomendações.</p>

<p>Utilize máscara o tempo todo.<br />
<br />
Se for preciso cozinhar, use máscara de proteção, cobrindo boca e nariz todo o tempo.<br />
<br />
Depois de usar o banheiro, nunca deixe de lavar as mãos com água e sabão e sempre limpe vaso mantendo a tampa fechada, pia e demais superfícies com álcool, água sanitária ou outro produto recomendado pela Agência Nacional de Vigilância Sanitária – Anvisa -  para desinfecção do ambiente.<br />
<br />
Separe toalhas de banho, garfos, facas, colheres, copos e outros objetos apenas para seu uso.<br />
O lixo produzido precisa ser separado e descartado.<br />
<br />
Evite compartilhar sofás e cadeiras e realize limpeza e desinfecção frequente com água sanitária ou álcool 70% ou outro produto recomendado pela Agência Nacional de Vigilância Sanitária – Anvisa.<br />
<br />
Mantenha a janela aberta para circulação de ar do ambiente usado para isolamento e a porta fechada, limpe a maçaneta frequentemente com álcool 70%, água sanitária, ou outro produto recomendado pela Agência Nacional de Vigilância Sanitária – Anvisa.<br />
<br />
Caso o paciente não more sozinho, recomenda-se que os demais moradores da residência durmam em outro cômodo, seguindo também as seguintes recomendações:</p>

<ul style=""list-style-type:disc"">
	<li>Mantenha a distância mínima de 1 metro entre a pessoa infectada e os demais moradores.</li>
	<li>Limpe os móveis da casa frequentemente com água sanitária, álcool 70% ou outro produto recomendado pela Agência Nacional de Vigilância Sanitária – Anvisa.</li>
	<li>Se uma pessoa da casa tiver diagnóstico positivo, todos os moradores devem ficar em distanciamento conforme orientação médica.</li>
</ul>

<p> </p>

<h2>Serviço de Saúde</h2>

<p>Procure um serviço de saúde caso apresente sintomas de síndrome gripal.</p>

<ul style=""list-style-type:disc"">
	<li><a href=""https://portalarquivos.saude.gov.br/images/pdf/2020/April/18/Hospitais-estaduais-CORONAV--RUS.pdf"">Lista de hospitais que prestam atendimento em seu estado/município.</a></li>
	<li><a href=""https://portalarquivos.saude.gov.br/images/pdf/2020/April/18/postos-de-sa--de-com-endere--o.pdf"">Lista dos postos de saúde que prestam atendimento em seu estado/município.</a></li>
	<li><a href=""https://portalarquivos.saude.gov.br/images/pdf/2020/May/25/lista-laboratorio.pdf"">Laboratórios públicos de referência de testagem para coronavírus</a></li>
</ul>

<p> </p>

<p> </p>

<p> </p>
",,,"0","31/1/2021 22:14:04","31/1/2021 22:18:33","1",,
"179","Convênios",,"",,,"0","31/1/2021 22:47:35","31/1/2021 22:47:35","1",,
"180","Contratos",,"<h1>Contratos, Atas e Termos Aditivos</h1>
",,,"0","31/1/2021 22:49:25","31/1/2021 22:49:25","1",,
"181","Despesas",,"",,,"0","31/1/2021 22:52:50","31/1/2021 22:52:50","1",,
"183","Orçamento",,"",,,"0","31/1/2021 23:00:48","31/1/2021 23:00:48","1",,
"199","Ofertas de empregos ",,"",,,"0","4/2/2021 15:38:28","4/2/2021 15:38:28","1",,
"200","Boletim COVID-19",,"<p><img alt="""" src=""https://fronteira.mg.gov.br/uploads/pagina/imagens/boletimsite1612.jpg"" style=""width:100%"" /></p>
",,,"0","13/4/2021 11:32:36","16/12/2022 15:38:04","1",,
"202","iptu",,"<p><img alt="""" src=""https://fronteira.mg.gov.br//uploads/wysiwyg//1765ff84.png"" style=""float:left; height:130px; width:200px"" /></p>

<p> </p>

<p> </p>

<p> </p>

<p>    </p>

<p> <a href=""http://servicos.pmfronteira.dyndns.org:82/inicio"">click aqui Imprimir seu IPTU </a></p>
",,,"0","3/5/2021 13:20:52","3/5/2021 13:20:59","1",,
"204","Relógio de Pontos",,"<p> </p>

<table border=""0"" cellpadding=""1"" cellspacing=""1"" style=""height:424px; width:380px"">
	<tbody>
		<tr>
			<td> </td>
			<td> </td>
		</tr>
		<tr>
			<td> </td>
			<td> </td>
		</tr>
		<tr>
			<td> </td>
			<td> </td>
		</tr>
		<tr>
			<td><img alt="""" src=""http://fronteira.mg.gov.br//uploads/wysiwyg//26bde480.jpg"" style=""height:229px; width:175px"" /></td>
			<td>
			<p><a href=""http://177.12.92.71:3002/"">ESF1 - Vila Reis</a><br />
			<a href=""http://177.12.92.72:3002"">ESF2 - Vila Arruda</a><br />
			<a href=""http://177.12.92.73:3002/"">ESF3 - Angêlo Passuelo</a><br />
			<a href=""http://177.12.92.74:3002/"">ESF4 - Vila Santo Antônio</a><br />
			<a href=""http://192.168.10.154"">Administração Jerônimo Coxa</a><br />
			<a href=""http://192.168.10.248"">Prefeitura Muncipal - Gabinete</a><br />
			<a href=""http://192.168.10.247"">Hotel de Furnas</a><br />
			<a href=""http://192.168.10.13:10000"">Unidade Mista de Saúde</a><br />
			<a href=""http://143.202.237.97:3002/"">Fisioterapia</a><br />
			<a href=""http://192.168.10.246"">Transportes</a></p>
			</td>
		</tr>
		<tr>
			<td> </td>
			<td> </td>
		</tr>
		<tr>
			<td> </td>
			<td> </td>
		</tr>
		<tr>
			<td> </td>
			<td> </td>
		</tr>
		<tr>
			<td> </td>
			<td> </td>
		</tr>
	</tbody>
</table>
",,,"0","9/6/2021 11:00:34","11/4/2022 09:19:48","1",,
"210","Plano Plurianual ",,"<p><strong><span style=""font-size:25.0pt""><span style=""color:#002060"">CONSTRUINDO O PLANO PLURIANUAL PARTICIPATIVO REGIONALIZADO COM FOCO EM RESULTADOS</span></span></strong></p>

<p><strong><u><span style=""font-size:25.0pt""><span style=""color:red"">PPA 2022 - 2025</span></span></u></strong></p>

<p><img alt="""" src=""https://fronteira.mg.gov.br//uploads/wysiwyg//3586e587.png"" style=""float:left; height:321px; width:608px"" /></p>

<p> </p>

<p> </p>

<p> </p>

<p> </p>

<p> </p>

<p> </p>

<p> </p>

<p> </p>

<p> </p>

<p> </p>

<p> </p>

<p>Participe do Plano Plurianual - PPA 2022-2025!</p>

<p><a href=""http://fronteira.mg.gov.br/contato/"">Click aqui,</a> e  Deixe sua sugestão/indicação durante o período de 10 a 20 de Agosto de 2021.</p>
",,,"0","13/8/2021 08:49:02","13/8/2021 10:54:52","1",,
"212","Planejamento e Gestão do Turismo",,"",,,"0","30/12/2021 11:05:10","30/12/2021 11:05:10","3",,
"213","Ramais",,"<p><u><em><strong>Prefeitura Municipal de Fronteira  -  (34) 3199-9990    </strong></em></u><br />
Ouvidoria: 0800-5000210</p>

<p>1001  Telefonista Prefeitura<br />
1090  Departamento Informática - Igor <br />
1201  Financeiro - Bira / Patricia<br />
1202  Financeiro - Carla / Karine<br />
1301  Rose Gaioso<br />
1302  Recursos Humanos<br />
1401  Empenhos  - Ana Claudia<br />
1403  Governo - Angela Nunes<br />
1405  Patrimônio - Varlene<br />
1406  Patrimônio - Horrane<br />
1407  Gabinete - Eliane<br />
1408  Procuradoria - Isadora<br />
1409  Almoxarifado - Tatiane<br />
1410  Controladoria - Roseane / Luiz Fernando<br />
1411  Administração- Daniel<br />
1412  Reurb Fronteira-MG - Neif <br />
1413  Licitações - Elaine - Carol<br />
1414  Convenios - Lusandra<br />
1504  Compras - Junior / Robson<br />
1701  Engenharia - Vitor<br />
1702  Engenharia - Alex<br />
1703  Engenharia - Emanuel<br />
1704  Bruno Reis - Sec. Obras<br />
1901  Social - Rose / Mirian Moura<br />
2001  Tributos - Doca<br />
2002  Tributos1 - Priscila / Rita / Elisa...<br />
5800  Ouvidoria 0800 - Nagila<br />
9004  Velório Municipal - Regiane</p>

<p><strong><em><u>Conselho Tutelar  -  (34) 3199-9703</u></em></strong><br />
1002 Recepção</p>

<p><u><strong><em>Transporte  -  (34) 3199-9530</em></strong></u></p>

<p>9000 Administrativo - Marcelo / Tiele   <br />
9001 Administrativo - Cristina<br />
9002 Transporte Ambunlâncias - Marquinhos  / Nayara</p>

<p><u><strong><em>Unidade Mista de Saúde  -  (34) 3199-9701</em></strong></u></p>

<p>6000  Hospital - Recepcão Pronto Socorro<br />
6002  Recepção sala do COVID<br />
6007  Administração do Hospital  - Areta<br />
6008  Recepção Ambulatorial <br />
6009  Farmácia do Hospital  - Marcelo <br />
6010  Almoxarifado - Unidade Mista<br />
6011  Hospital- Enfermeiro assistencial <br />
6012  Hospital- Enfermeiro RT - Ligia / Raissa <br />
6013  Hospital Prontuários  arquivos</p>

<p><u><strong><em>Secretaria de Saúde </em></strong></u></p>

<p>6003  Gestor Saúde - Estênio<br />
6004  Regulamentação - Juliana / Evilaine<br />
6050  Atenção Básica - Márcia Toledo<br />
6051  Fundo Municipal de Saude - Adriana Gaioso<br />
6052  Vigilância  Epidemiologica - Gleice<br />
6054  Vigilância   em Saúde - Cleris<br />
9005  Casa Apoio - UBERABA</p>

<p><u><em><strong>Farmacinha Popular  (34) 3199-9704</strong></em></u><br />
6537 Farmacinha - Fernanda</p>

<p><u><em><strong>Fisioterapia  (34) 3199-9536</strong></em></u><br />
6536 Fisioterapia  <br />
<br />
<u><em><strong>CEM - Centro de Especialidade Médicas  (34) 3199-9702</strong></em></u><br />
<br />
6005 CEM - Camila<br />
6006 CEM - Recepção</p>

<p><u><em><strong>ESFs </strong></em></u></p>

<p><strong><em>ESF1 - Vila Reis</em></strong><br />
Telefone Fixo: (34) 3199-9531<br />
Recepção 6531</p>

<p><strong><em>ESF-2 - Centro</em></strong><br />
Telefone Fixo:  (34) 3199-9532<br />
Recepção 6532</p>

<p><strong><em>ESF-3 - Ângelo Passuel</em>o</strong><br />
Telefone Fixo: (34) 3199-9533<br />
Recepção 6533<br />
Agentes comunitários:  6538<br />
<br />
<strong><em>ESF-4 - Vila Santo Antônio</em></strong><br />
Telefone Fixo: (34) 3199-9534<br />
Recepção 6534<br />
Agentes comunitários:  6539<br />
<br />
<strong><em><u>Social  </u></em></strong><br />
8001 Drª Mara (psicologa)</p>

<p><strong><u>CRAS</u></strong><br />
8002 PAIF - Eliana<br />
8003 Recepção <br />
8004 Rebeca<br />
8005 Rose <br />
8006 Drª Amal<br />
8007 Marcela<br />
8008 Valkiria / Amirces<br />
8009 Cadastro Único<br />
<br />
<u><strong><em>Cultura e Esporte</em></strong></u></p>

<p>9006 CREF - Neto</p>

<p> </p>

<p><em><u><strong>TELEFONES FIXO </strong></u></em></p>

<p>(34) 3199-9990 PREFEITURA    <br />
(34) 3199-9705 SEC. SAÚDE    <br />
(34) 3199-9704 FARMACINHA MUCIPAL    <br />
(34) 3199-9703 CONSELHO TUTELAR        <br />
(34) 3199-9702 CEM - RECEPÇÃO    <br />
(34) 3199-9701 HOSPITAL        <br />
(34) 3199-9536 FISIOTERAPIA<br />
(34) 3199-9534 ESF4    <br />
(34) 3199-9533 ESF3    <br />
(34) 3199-9532 ESF2    <br />
(34) 3199-9531 ESF1<br />
(34) 3199-9530 TRANSPORTE         <br />
(34) 3199-0252 VIG. SANITÁRIA        <br />
(34) 3199-0251 FUNASA         <br />
(34) 3199-0250 URBANISMO    <br />
(34) 0800-0210 OUVIDORIA<br />
(34) 3199-0251 - CRAS</p>

<p> </p>

<p>OBSERVAÇÕES : </p>

<p><strong><u><em>Como efetuar ligações externas : </em></u></strong><br />
a) Retire do gancho aguarde o tom<br />
b) Disque o numero sem operadora ,<br />
     exemplo: 17 999-9999  <u>Não utilize operadora </u><br />
    observação: DDD 34 - não precisa colocar 34 <br />
    exemplo : 3428-9999<br />
c) Após a discagem aguarde o telefone chamar, é comum ficar mudo ao chamar, espere entre 0 a 10 segundos, <br />
   neste exato, momento sistema estará localizando o numero discado, caso não encontrar o numero o sistema <br />
  retornará o resultado  ( numero ocupado, fora de area etc...)</p>

<p><span style=""color:#e74c3c""><strong>"" Nunca ligue para qualquer numero fixo da prefeitura pelo seu ramal, somente ramal x ramal""</strong></span></p>

<p><em><strong>Como efetuar ligações ramal para ramal: </strong></em><br />
a) Retire do gancho aguarde o tom<br />
b) Disque o numero ramal<br />
c) Após a discagem aguarde o telefone chamar o ramal desejado</p>

<p> </p>

<p><strong><u><em>Luzes vermelhas piscando ou acessas: </em></u></strong><br />
a) Retire o telefone da tomada(carregador igual o do celular) e aguarde 5 segundos<br />
b) Recolocar na tomada de volta,   o sistema ira piscar algumas luzes vermelhas e tentara reconectar o sistema,<br />
     se  após 5 minutos as luzes vermelhas não apagarem, o sistema não conectou!!  então  informe ao seu superior acionar a T.I<br />
     para que possamos analisar os logs e ver o problema </p>

<p><br />
<span style=""color:#ffffff""><span style=""background-color:#e74c3c"">- LISTA SUJEITA A  ATUALIZAÇÕES -  </span></span></p>
",,,"0","18/1/2022 10:28:43","18/5/2022 15:33:34","1",,
"214","Publicações",,"",,,"0","4/3/2022 23:24:35","4/3/2022 23:24:35","1",,
"216","VTN",,"<p><img alt="""" src=""https://fronteira.mg.gov.br//uploads/wysiwyg//47bb0390.jpg"" style=""height:158px; width:280px"" /></p>
",,,"0","26/5/2022 09:56:01","26/5/2022 09:59:57","1",,
"217","Despesas > 2021",,"",,,"0","29/11/2022 15:19:55","29/11/2022 15:19:55","2",,
"218","Despesas > 2020",,"",,,"0","29/11/2022 15:20:29","29/11/2022 15:20:29","2",,
"219","Despesas > 2019",,"",,,"0","29/11/2022 15:20:59","29/11/2022 15:20:59","2",,
"220","Despesas > 2018",,"",,,"0","29/11/2022 15:21:20","29/11/2022 15:21:20","2",,
"221","Receitas > 2022",,"",,,"0","29/11/2022 15:22:42","29/11/2022 15:22:42","2",,
"222","Receitas > 2022",,"",,,"0","29/11/2022 15:23:23","29/11/2022 15:23:23","2",,
"223","Receitas > 2021",,"",,,"0","29/11/2022 15:24:41","29/11/2022 15:24:41","2",,
"224","Receitas > 2020",,"",,,"0","29/11/2022 15:25:02","29/11/2022 15:25:02","2",,
"225","Receitas > 2019",,"",,,"0","29/11/2022 15:25:14","29/11/2022 15:25:14","2",,
"226","Receitas > 2018",,"",,,"0","29/11/2022 15:25:47","29/11/2022 15:25:47","2",,
"227","Repasse ao Legislativo > 2022",,"",,,"0","29/11/2022 15:26:56","29/11/2022 15:26:56","2",,
"228","Repasse ao Legislativo > 2021",,"",,,"0","29/11/2022 15:27:11","29/11/2022 15:27:11","2",,
"229","Repasse ao Legislativo > 2020",,"",,,"0","29/11/2022 15:27:32","29/11/2022 15:27:32","2",,
"230","Repasse ao Legislativo > 2019",,"",,,"0","29/11/2022 15:27:53","29/11/2022 15:27:53","2",,
"231","Repasse ao Legislativo > 2018",,"",,,"0","29/11/2022 15:28:09","29/11/2022 15:28:09","2",,
"232","Demonstrativos Fiscais : anexos > RGF > 2018",,"",,,"0","29/11/2022 15:32:36","29/11/2022 15:32:36","2",,
"233","Demonstrativos Fiscais : anexos > RGF > 2019",,"",,,"0","29/11/2022 15:33:12","29/11/2022 15:33:12","2",,
"234","Demonstrativos Fiscais : anexos > RGF > 2020",,"",,,"0","29/11/2022 15:33:30","29/11/2022 15:33:30","2",,
"235","Demonstrativos Fiscais : anexos > RGF > 2021",,"",,,"0","29/11/2022 15:33:52","29/11/2022 15:33:52","2",,
"236","Demonstrativos Fiscais : anexos > RGF > 2022",,"",,,"0","29/11/2022 15:34:15","29/11/2022 15:34:15","2",,
"237","Demonstrativos Fiscais : anexos > RREO > 2018",,"",,,"0","29/11/2022 15:35:57","29/11/2022 15:35:57","2",,
"238","Demonstrativos Fiscais : anexos > RREO > 2019",,"",,,"0","29/11/2022 15:36:09","29/11/2022 15:36:09","2",,
"239","Demonstrativos Fiscais : anexos > RREO > 2020",,"",,,"0","29/11/2022 15:36:24","29/11/2022 15:36:24","2",,
"240","Demonstrativos Fiscais : anexos > RREO > 2021",,"",,,"0","29/11/2022 15:36:38","29/11/2022 15:36:38","2",,
"241","Demonstrativos Fiscais : anexos > RREO > 2022",,"",,,"0","29/11/2022 15:37:04","29/11/2022 15:37:04","2",,
"242","Contábil > Despesas - Balancetes > 2022",,"",,,"0","29/11/2022 16:03:56","29/11/2022 16:03:56","2",,
"243","Contábil > Balanços > 2022",,"",,,"0","29/11/2022 16:09:15","29/11/2022 16:09:15","2",,
"244","Contábil > Balanços > 2021",,"",,,"0","29/11/2022 16:09:35","29/11/2022 16:09:35","2",,
"245","Contábil > Balanços > 2020",,"",,,"0","29/11/2022 16:09:52","29/11/2022 16:09:52","2",,
"246","Contábil > Balanços > 2019",,"",,,"0","29/11/2022 16:10:21","29/11/2022 16:10:21","2",,
"247","Recursos Humanos > Funcionários Ativos",,"",,,"0","1/12/2022 09:43:21","1/12/2022 09:43:21","2",,
"248","Recursos Humanos > Remuneração pessoal",,"",,,"0","1/12/2022 09:46:26","1/12/2022 09:46:26","2",,
"249","Recursos Humanos > Remuneração pessoal > Remuneração pessoal.1",,"",,,"0","1/12/2022 09:48:04","1/12/2022 09:48:04","2",,
"253","Contábil > Orçamento > LOA > 2018",,"",,,"0","1/12/2022 09:59:57","1/12/2022 09:59:57","2",,
"254","Contábil > Orçamento > LOA > 2019",,"",,,"0","1/12/2022 10:00:12","1/12/2022 10:00:12","2",,
"255","Contábil > Orçamento > LOA > 2020",,"",,,"0","1/12/2022 10:00:30","1/12/2022 10:00:30","2",,
"256","Contábil > Orçamento > LOA > 2021",,"",,,"0","1/12/2022 10:00:45","1/12/2022 10:00:45","2",,
"257","Contábil > Orçamento > LOA > 2022",,"",,,"0","1/12/2022 10:01:07","1/12/2022 10:01:07","2",,
"258","Contábil > Orçamento > LDO > 2018",,"",,,"0","1/12/2022 10:01:49","1/12/2022 10:01:49","2",,
"259","Contábil > Orçamento > LDO > 2019",,"",,,"0","1/12/2022 10:02:06","1/12/2022 10:02:06","2",,
"260","Contábil > Orçamento > LDO > 2022",,"",,,"0","1/12/2022 10:03:19","1/12/2022 10:03:19","2",,
"261","Página em construção",,"<p><img alt="""" src=""https://fronteira.mg.gov.br//uploads/wysiwyg//5067050a.png"" style=""float:right; height:501px; width:1454px"" /></p>
",,,"0","1/12/2022 10:17:28","18/9/2024 16:20:45","1",,
"262","Legislação Transparência",,"<p>                                                                  <strong><span style=""font-size:16px""><span style=""color:#2980b9"">   </span><span style=""color:#000099""> Sobre o Portal da Transparência</span></span></strong></p>

<p>      O Portal da Transparência é um instrumento disponibilizado ao cidadão com informações a respeito das contas da administração pública: receitas e despesas. Neste Portal é possível tomar conhecimento das diretrizes do governo e acompanhar como está sendo aplicado o dinheiro público. É um mecanismo que permite ao cidadão fiscalizar o trabalho desenvolvido pela Prefeitura. A localização, os valores pagos e a finalidade dos imóveis alugados pelo município estão disponíveis, assim como o comportamento da dívida pública, os pagamentos feitos diariamente pela administração, informações a respeito dos Conselhos Municipais, os repasses para entidades conveniadas (subvenções) e os recursos recebidos dos Governos Estadual e Federal. Todas as licitações realizadas pelo serviço público municipal, desde o edital ao resultado final estão devidamente publicadas neste Portal. Ao disponibilizar este importante instrumento de fiscalização e checagem dos atos administrativos, o Governo cumpre todos os preceitos legais e assume o seu compromisso, com total transparência, de construir uma Nova Cidade, que seja, realmente, para todos.</p>

<p> </p>

<p> <span style=""color:#2980b9"">Acessibilidade </span>* Pessoas portadoras de qualquer tipo de deficiência, que encontrarem dificuldade de acessar este Portal da Transparência, entrar em contato com a Ouvidoria nos telefones   0800-5000210  ou (34) 3199-9990</p>

<p> </p>

<p><a href=""http://www.planalto.gov.br/ccivil_03/_ato2011-2014/2011/lei/l12527.htm"" target=""_blank"">A Lei 12.527,</a>, sancionada em 18 de novembro de 2011, regulamenta o direito constitucional de acesso dos cidadãos às informações públicas e é aplicável aos três poderes da União, dos estados, do Distrito Federal e dos municípios. O Acesso a informação contribui para aumentar a eficiência do Poder Público, diminuir a corrupção e elevar a participação social. Acesso à informação: direito do cidadão e dever do Estado.<br />
<br />
<a href=""http://www.planalto.gov.br/ccivil_03/_ato2011-2014/2012/decreto/d7724.htm"" target=""_blank"">Decreto No 7.724, de 16 de maio de 2012 - Regulamenta a Lei No 12.527, de 18 de novembro de 2011.</a><br />
<br />
<a href=""https://www.almg.gov.br/consulte/legislacao/completa/completa.html?tipo=DEC&num=45969&ano=2012"" target=""_blank"">Decreto Estadual No 45.969/2012</a><br />
<br />
<a href=""http://www.transparencia.mg.gov.br"" target=""_blank"">Portal da Transparência do Estado de Minas Gerais.</a><br />
<br />
<a href=""http://www.portaltransparencia.gov.br/"" target=""_blank"">Portal da Transparência Federal.</a><br />
<br />
<a href=""http://fiscalizandocomtce.tce.mg.gov.br/Home/Index"" target=""_blank"">Minas Transparente - Fiscalizando com o Tribunal de Contas do Estado de Minas Gerais - TCE/MG</a><br />
 </p>
",,,"0","1/12/2022 13:43:03","1/12/2022 13:57:03","2",,
"263","Organizacional",,"",,,"0","1/12/2022 13:57:44","1/12/2022 13:57:44","2",,
"264","Convênios",,"",,,"0","1/12/2022 13:58:56","1/12/2022 13:58:56","2",,
"265","Recursos Humanos > Processos Seletivos",,"",,,"0","1/12/2022 14:02:24","1/12/2022 14:02:24","2",,
"266","Saúde > ESFs > ESF1 - Vila Reis > Escala de plantões",,"",,,"0","1/12/2022 14:17:14","1/12/2022 14:17:14","2",,
"267","Saúde > ESFs > ESF2 - Centro > Escala de plantões",,"",,,"0","1/12/2022 14:18:50","1/12/2022 14:18:50","2",,
"268","Saúde > ESFs > ESF3 - Jardim Ângelo Passuelo > Escala de plantões",,"",,,"0","1/12/2022 14:19:22","1/12/2022 14:19:22","2",,
"269","Saúde > ESFs > ESF4 - Vila Santo Antônio > Escala de plantões",,"",,,"0","1/12/2022 14:19:50","1/12/2022 14:19:50","2",,
"270","Imóveis Locados",,"",,,"0","1/12/2022 14:36:03","1/12/2022 14:36:03","2",,
"272","CMEIs, EMEIs, Escolas e PEM do município",,"<p><span style=""font-size:16px""><strong>Escola Municipal Poliana Ziza Ferreira</strong></span><br />
Diretora: Edilaine Fernandes de Freitas<br />
Endereço: Avenida Aurélio Luiz Mistieri, Nº 370, Centro.<br />
Telefone: (34) 3199-9786<br />
Email: escolapoliana.educacao@fronteira.mg.gov.br<br />
Horário de Funcionamento<br />
Manhã: 7:00 às 11:20 horas<br />
Tarde: 13:00 às 17:20 horas<br />
<br />
<span style=""font-size:16px""><strong>Escola Municipal José Maria Basto Garcia (Antiga – ABC)</strong></span><br />
Diretora: Liliane Carvalho do Carmo<br />
Endereço: Rua Abdo Jauid Feres Nº 150, Jardim Ângelo Passuelo<br />
Telefone: (34) 3199-9852<br />
Email: escolajosemaria.educacao@fronteira.mg.gov.br<br />
Horário de Funcionamento<br />
Manhã: 7:00 às 11:20 horas<br />
Tarde: 13:00 às 17:20 horas<br />
<br />
<span style=""font-size:16px""><strong>Escola Municipal Marechal Castelo Branco</strong></span><br />
Diretora: Juliana Rodrigues de Andrade<br />
Email: escolamarechal.educacao@fronteira.mg.gov.br<br />
Endereço: Rua Godofredo Antônio da Costa, S/N, Distrito de Santo Antônio do Rio Grande – Lagoa Seca<br />
Telefone: (34) 3199-9856<br />
Horário de Funcionamento<br />
Manhã: 7:00 às 11:20 horas<br />
Tarde: 13:00 às 17:20 horas<br />
<br />
<span style=""font-size:16px""><strong>PEM Turma da Mônica</strong></span><br />
Diretora: Márcia Lúcia da Silva<br />
Endereço: Rua Higino Florêncio de Souza, Nº 430, Vila de Furnas<br />
Telefone: (34) 3199-9785<br />
Email: preturmadamonica.educacao@fronteira.mg.gov.br<br />
Horário de Funcionamento<br />
Manhã: 7:00 às 11:20 horas<br />
Tarde: 13:00 às 17:20 horas<br />
<br />
<span style=""font-size:16px""><strong>EMEI Maísa Ferreira Passuelo Vasconcelos</strong></span><br />
Diretora: Roselane dos Santos Carvalho<br />
Endereço: Avenida Brasil, Nº 220, Vila de Furnas<br />
Telefone: (34) 3199-9854<br />
Email: emeimaisa.educacao@fronteira.mg.gov.br<br />
Horário de Funcionamento<br />
Manhã: 7:00 às 11:20 horas<br />
Tarde: 13:00 às 17:20 horas<br />
<br />
<span style=""font-size:16px""><strong>CMEI – Dona Alice</strong></span><br />
Diretora: Yasmim Ismael Póvoa<br />
Endereço: Rua Miguel José Miziara, Nº 242, COHAB<br />
Telefone: <br />
Email: cmeialice.educacao@fronteira.mg.gov.br<br />
Horário de Funcionamento<br />
07:00 às 17:00 horas<br />
<br />
<span style=""font-size:16px""><strong>CMEI – Dona Belinha</strong></span><br />
Diretora: Luany Jerônimo de Oliveira<br />
Endereço: Avenida Liberdade, Nº 1480, Vila Reis<br />
Telefone: (34) 3199-9851<br />
Email: cmeibelinha.educacao@fronteira.mg.gov.br<br />
Horário de Funcionamento<br />
Manhã: 7:00 às 11:20 horas<br />
Tarde: 13:00 às 17:20 horas<br />
<br />
<span style=""font-size:16px""><strong>CMEI – Dona Mençora</strong></span><br />
Diretora: Eliane Aparecida Ferraz Vieira de Souza<br />
Endereço: Rua Campo Florido, Nº 390, Jardim Ângelo Passuelo<br />
Telefone: (34) 3199-9853<br />
Email: cmeimencora.educacao@fronteira.mg.gov.br<br />
Horário de Funcionamento<br />
Manhã: 7:00 às 11:20 horas<br />
Tarde: 13:00 às 17:20 horas<br />
<br />
<span style=""font-size:14px""><strong>CMEI – Santo Antônio</strong></span><br />
Diretora: Luciene Santos Francelino<br />
Endereço: Rua Godofredo Antônio da Costa, Nº 62, Distrito Santo Antônio do Rio Grande<br />
Telefone: (34) 3199-9855<br />
Email: cmeisantoantonio.educacao@fronteira.mg.gov.br<br />
Horário de Funcionamento<br />
Manhã: 7:00 às 11:20 horas<br />
Tarde: 13:00 às 17:30 horas</p>
",,,"0","1/12/2022 16:36:40","18/9/2024 08:47:53","3",,
"273","Legislação da Transparência ",,"<p><a href=""http://www.planalto.gov.br/ccivil_03/_ato2011-2014/2011/lei/l12527.htm"" target=""_blank"">A Lei 12.527,</a>, sancionada em 18 de novembro de 2011, regulamenta o direito constitucional de acesso dos cidadãos às informações públicas e é aplicável aos três poderes da União, dos estados, do Distrito Federal e dos municípios. O Acesso a informação contribui para aumentar a eficiência do Poder Público, diminuir a corrupção e elevar a participação social. Acesso à informação: direito do cidadão e dever do Estado.<br />
<br />
<a href=""http://www.planalto.gov.br/ccivil_03/_ato2011-2014/2012/decreto/d7724.htm"" target=""_blank"">Decreto No 7.724, de 16 de maio de 2012 - Regulamenta a Lei No 12.527, de 18 de novembro de 2011.</a><br />
<br />
<a href=""https://www.almg.gov.br/consulte/legislacao/completa/completa.html?tipo=DEC&num=45969&ano=2012"" target=""_blank"">Decreto Estadual No 45.969/2012</a><br />
<br />
<a href=""http://www.transparencia.mg.gov.br/"" target=""_blank"">Portal da Transparência do Estado de Minas Gerais.</a><br />
<br />
<a href=""http://www.portaltransparencia.gov.br/"" target=""_blank"">Portal da Transparência Federal.</a><br />
<br />
<a href=""http://fiscalizandocomtce.tce.mg.gov.br/Home/Index"" target=""_blank"">Minas Transparente - Fiscalizando com o Tribunal de Contas do Estado de Minas Gerais - TCE/MG</a><br />
 </p>
",,,"0","14/3/2023 14:49:24","14/3/2023 14:49:24","1",,
"274","Editais",,"",,,"0","31/3/2023 15:39:34","31/3/2023 15:39:34","1",,
"275","LEI PAULO GUSTAVO",,"",,,"0","29/11/2023 17:03:47","30/11/2023 16:34:58","1",,
"276","CMDI - CONSELHO MUNICIPAL DE DIREITOS DO IDOSO",,"",,,"0","24/4/2024 14:29:07","24/4/2024 14:29:07","1",,
"277","Demonstrativos Fiscais : anexos > RREO > 2023",,"",,,"0","29/4/2024 11:06:33","29/4/2024 11:06:33","2",,
"278","Demonstrativos Fiscais : anexos > RREO > 2024",,"",,,"0","29/4/2024 11:06:42","29/4/2024 11:06:42","2",,
"279","Contábil > Demonstrativos Fiscais : anexos > RREO - Relatórios resumido da execu",,"",,,"0","29/4/2024 11:09:38","29/4/2024 11:09:38","2",,
"280","Demonstrativos Fiscais : anexos > RREO > Declaração",,"",,,"0","29/4/2024 13:28:17","29/4/2024 13:28:17","2",,
"281","Demonstrativos Fiscais : anexos > Prestação de contas- tribunal de contas-TCEMG",,"",,,"0","29/4/2024 16:18:45","29/4/2024 16:18:45","2",,
"282","Contábil > Demonstrativos Fiscais : anexos > Prestação de contas - Tribunal de c",,"",,,"0","29/4/2024 16:21:50","29/4/2024 16:21:50","2",,
"284","Demonstrativos Fiscais : anexos > Prestação de contas- tribunal de contas - TCEM",,"",,,"0","29/4/2024 16:26:48","29/4/2024 16:26:48","2",,
"285","Lei Aldir Blanc",,"<p><strong>Formulário para o Cadastro Municipal de Cultura - Pessoa Física </strong></p>

<p><a href=""https://docs.google.com/forms/d/1pGhf9qaUsZELR8Pby46tyFVyPg0kNEYb_Vggk1CKBzo/edit?pli=1"">https://docs.google.com/forms/d/1pGhf9qaUsZELR8Pby46tyFVyPg0kNEYb_Vggk1CKBzo/edit?pli=1</a></p>

<p><strong>Formulário para o Cadastro Municipal de Cultura - Pessoa Jurídica  </strong></p>

<p><a href=""https://docs.google.com/forms/d/1JGIUDQ_9GfBdxkPYtJviV0O-CsXhPboqBg0NZqa8D94/edit"">https://docs.google.com/forms/d/1JGIUDQ_9GfBdxkPYtJviV0O-CsXhPboqBg0NZqa8D94/edit</a></p>
",,,"0","21/8/2024 13:46:50","30/9/2024 16:50:00","1",,
"286","Contábil > Orçamento > LDO > 2023",,"",,,"0","2/9/2024 16:10:17","2/9/2024 16:10:17","2",,
"287","Contábil > Orçamento > LDO > 2024",,"",,,"0","2/9/2024 16:10:35","2/9/2024 16:10:35","2",,
"288","Contábil > Orçamento > LOA > 2023",,"",,,"0","2/9/2024 16:11:20","2/9/2024 16:11:20","2",,
"289","Contábil > Orçamento > LOA > 2024",,"",,,"0","2/9/2024 16:11:46","2/9/2024 16:11:46","2",,
"290","Contábil > Orçamento > LOA > 2024",,"",,,"0","2/9/2024 16:14:19","2/9/2024 16:14:19","2",,
"292","Contábil > Orçamento > PPA ",,"",,,"0","2/9/2024 16:15:22","11/8/2025 09:11:06","2",,
"293","Contábil > Balancetes > Despesas > 2023",,"",,,"0","2/9/2024 16:16:10","2/9/2024 16:16:10","2",,
"294","Contábil > Balancetes > Despesas > 2024",,"",,,"0","2/9/2024 16:16:37","2/9/2024 16:16:37","2",,
"295","Contábil > Balancetes > Receitas > 2024",,"",,,"0","2/9/2024 16:17:10","2/9/2024 16:17:10","2",,
"296","Contábil > Balancetes > Receitas > 2023",,"",,,"0","2/9/2024 16:17:33","2/9/2024 16:17:33","2",,
"297","Contábil > Repasse ao Legislativo > Repasse ao Legislativo.6",,"",,,"0","2/9/2024 16:18:08","2/9/2024 16:18:08","2",,
"298","Contábil > Repasse ao Legislativo > 2024",,"",,,"0","2/9/2024 16:18:27","2/9/2024 16:18:27","2",,
"299","Contábil > Balanços > 2023",,"",,,"0","2/9/2024 16:19:42","2/9/2024 16:19:42","2",,
"300","Contábil > Balanços > 2024",,"",,,"0","2/9/2024 16:19:57","2/9/2024 16:19:57","2",,
"303","Contábil > Orçamento > LDO > 2021",,"",,,"0","4/9/2024 14:02:12","4/9/2024 14:02:12","2",,
"304","Contábil > Demonstrativos Fiscais : anexos > RGF - Relatório de gestão fiscal > ",,"",,,"0","9/9/2024 11:36:38","9/9/2024 11:36:38","2",,
"305","Contábil > Demonstrativos Fiscais : anexos > RGF - Relatório de gestão fiscal > ",,"",,,"0","9/9/2024 11:36:57","9/9/2024 11:36:57","2",,
"306","LEI PAULO GUSTAVO",,"",,,"0","18/9/2024 16:10:05","18/9/2024 16:10:05","3",,
"307","Quem é quem?",,"<p style=""text-align:justify"">​​​​​<img src=""https://fronteira.mg.gov.br//uploads/wysiwyg//69d15978.jpeg"" style=""float:left; height:150px; width:157px"" /><span style=""font-size:16px""><span style=""font-family:Arial,Helvetica,sans-serif"">Carla Peixoto é professora e supervisora escolar da Educação Básica na Rede Municipal de Educação de Fronteira/MG. Atualmente ocupa o cargo de Secretária de Educação, na Secretaria Municipal de Educação de Fronteira. Graduada em Pedagogia-plena pela Faculdade de Educação “Antônio Augusto Reis Neves” de Barretos. Pós-graduada em Supervisão Escolar e Didática - Fundamentos Teóricos da Prática Pedagógica pela Faculdade de Educação São Luís de Jaboticabal - SP.</span></span></p>

<p style=""text-align:justify""> </p>

<p style=""text-align:justify""> </p>

<p style=""text-align:justify""><span style=""font-size:16px""><span style=""font-family:Arial,Helvetica,sans-serif""><img src=""https://fronteira.mg.gov.br//uploads/wysiwyg//708faa52.jpeg"" style=""float:left; height:186px; width:163px"" />Rejeane Aparecida Lopes de Souza e Paula é professora e supervisora da Educação Básica na Rede Municipal de Educação de Fronteira/MG. Atualmente Diretora do Departamento de Avaliações do Ensino Fundamental l na Secretaria Municipal de Educação. Graduada em Letras Licenciatura pelo Centro Universitário do Norte Paulista (UNORP) de São José de Rio Preto/SP e Pedagogia pela Faculdade de Pinhais (FAPI) de Pinhais/SP. Pós-graduada em Arte Visuais e Ludoterapia pelo Centro Universitário de Jales/SP, em Gestão Escolar pela Faculdade Reunida de Ilha Solteira/SP em Supervisão Escolar pela Faculdade de Educação São Luís de Jaboticabal/SP e em Inclusão Escolar na Educação Básica com Ênfase em TEA, TDAH e TOD, pelo Instituto Plenitude Educação de São Paulo.</span></span></p>

<p style=""text-align:justify""> </p>

<p style=""text-align:justify""><span style=""font-size:16px""><span style=""font-family:Arial,Helvetica,sans-serif""><img src=""https://fronteira.mg.gov.br//uploads/wysiwyg//712d6c97.jpeg"" style=""float:left; height:193px; width:163px"" /></span></span></p>

<p style=""text-align:justify""> </p>

<p style=""text-align:justify""><span style=""font-size:16px""><span style=""font-family:Arial,Helvetica,sans-serif"">Vanessa Coromi Basílio Il Morales Galdino, pedagoga e supervisora escolar do município de Fronteira-MG. Graduada em Pedagogia e Pós-graduada em Educação Infantil e Supervisão Escolar. Trabalha na rede municipal de ensino desde 2001, atuando como professora e supervisora. Atualmente ocupa o cargo de Diretora de Departamento de Avaliação da Educação Infantil na Secretaria Municipal de Educação de Fronteira e coordena seis escolas infantis do município.</span></span></p>

<p style=""text-align:justify""> </p>

<p style=""text-align:justify""> </p>

<p style=""text-align:justify""><span style=""font-size:16px""><span style=""font-family:Arial,Helvetica,sans-serif""><img src=""https://fronteira.mg.gov.br//uploads/wysiwyg//72d65c4e.jpeg"" style=""float:left; height:208px; width:163px"" /></span></span></p>

<p style=""text-align:justify""> </p>

<p style=""text-align:justify""><span style=""font-size:16px""><span style=""font-family:Arial,Helvetica,sans-serif"">Tuani Camargo dos Santos Assistente Social formada em Serviço Social pela Universidade Paulista-UNIP de São José do Rio Preto - 2012. </span></span><span style=""font-size:16px""><span style=""font-family:Arial,Helvetica,sans-serif"">Pós Graduada em Gestão das Políticas Socais pela Faculdade São Luís de Jaboticabal - 2023. </span></span><span style=""font-size:16px""><span style=""font-family:Arial,Helvetica,sans-serif"">Membro da Equipe Psicossocial da Educação. Atualmente r</span></span><span style=""font-size:16px""><span style=""font-family:Arial,Helvetica,sans-serif"">esponsável Técnica pelo Programa Escola em Tempo Integral do município de Fronteira. </span></span><span style=""font-size:16px""><span style=""font-family:Arial,Helvetica,sans-serif"">Coordenadora Municipal do Programa Bolsa Família na Educação.</span></span></p>

<p style=""text-align:justify""> </p>

<p style=""text-align:justify""> </p>

<p style=""text-align:justify""> </p>

<p style=""text-align:justify""><span style=""font-size:16px""><span style=""font-family:Arial,Helvetica,sans-serif""><img src=""https://fronteira.mg.gov.br//uploads/wysiwyg//7329669a.jpeg"" style=""float:left; height:261px; width:181px"" />Marlon Ribeiro é psicólogo graduado em Psicologia em 2014 pela UNIP – S. J. Rio Preto, especialista em Terapia Cognitivo-Comportamental em 2018 pelo Centro de Terapia Cognitiva Veda – Ribeirão Preto. Atua na Equipe Psicossocial da Educação desde 2021, implementa a política de saúde mental no contexto educacional através de oficinas de habilidades socioemocionais, orienta e capacita equipes educacionais em demandas escolares, participa de projetos pedagógicos na perspectiva da aprendizagem, atua de forma a aproximar a família da comunidade escolar, auxilia escolas na superação de estigmas, preconceitos e violações que comprometam o desempenho escolar, é responsável pelo acompanhamento da inclusão escolar, é ator de articulação intersetoria e agente de políticas integradas à Educação, como o PSE e a PNEERQ.</span></span></p>

<p style=""text-align:justify""> </p>

<p style=""text-align:justify""> </p>

<p style=""text-align:justify""><span style=""font-size:16px""><span style=""font-family:Arial,Helvetica,sans-serif""> <img src=""https://fronteira.mg.gov.br//uploads/wysiwyg//7419a3eb.jpeg"" style=""float:left; height:227px; width:167px"" /></span></span></p>

<p style=""text-align:justify""> </p>

<p style=""text-align:justify""><span style=""font-size:16px""><span style=""font-family:Arial,Helvetica,sans-serif"">Elaine da Silva Moreira Lopes é nutricionista com atuação na Rede Escolar de Fronteira/MG. Graduada em  Nutrição pelo Centro Universitário de Rio Preto (UNIRP), possui aperfeiçoamento em Nutrição  Comportamental.  Atua com foco na promoção da saúde, educação nutricional e no desenvolvimento de hábitos  alimentares saudáveis no ambiente escolar, sempre pautada na ética, empatia e compromisso com o bem-estar.</span></span></p>

<p style=""text-align:justify""> </p>

<p style=""text-align:justify""> </p>

<p style=""text-align:justify""> </p>

<p style=""text-align:justify""><img src=""https://fronteira.mg.gov.br//uploads/wysiwyg//75268c61.jpeg"" style=""float:left; height:180px; width:210px"" /></p>

<p style=""text-align:justify"">​​​​​​​<span style=""font-size:12.0pt"">Daniela Caíres Dias, Nutricionista atuante na Rede Escolar de Fronteira/MG. Sou graduada em Nutrição pela Universidade Paulista (UNIP) e cursando Pós-Graduação em Nutrição Esportiva (RP) e Especializada em Nutrição Clínica!</span></p>

<p style=""text-align:justify""> </p>

<p style=""text-align:justify""> </p>

<p style=""text-align:justify""> </p>

<p style=""text-align:center""><img src=""https://fronteira.mg.gov.br//uploads/wysiwyg//76fd466d.jpeg"" style=""float:left; height:169px; width:190px"" /></p>

<p> </p>

<p style=""text-align:justify""><span style=""font-size:12.0pt"">Felipe Freitas Pineis, sou profissional do setor Técnico Administrativo da Secretaria de Educação, atuando na educação desde 2019 e efetivado desde 2020. Sou Técnico em Eletrotécnica formado pela Etec Philadelpho Gouvêa Netto e atualmente estou no penúltimo semestre do curso de Administração na Faculdade dos Grandes Lagos – Unilago.</span></p>
",,,"0","4/12/2024 09:57:37","10/4/2025 14:34:44","3",,
"309","Programas e Projetos",,"",,,"0","4/12/2024 10:22:16","4/12/2024 10:22:16","3",,
"311","Calendário Escolar",,"",,,"0","4/12/2024 10:25:27","4/12/2024 10:25:27","3",,
"312","Convênios e Parcerias",,"",,,"0","4/12/2024 10:27:09","4/12/2024 10:27:09","3",,
"313","Conselho Municipal de Educação",,"",,,"0","4/12/2024 10:28:14","4/12/2024 10:55:12","3",,
"314","Conselho Municipal do FUNDEB",,"",,,"0","4/12/2024 10:28:25","4/12/2024 10:28:25","3",,
"315","Conselho de Alimentação Escolar",,"",,,"0","4/12/2024 10:28:46","4/12/2024 10:28:46","3",,
"316","Legislação, Diretrizes e Normas",,"",,,"0","4/12/2024 10:42:41","4/12/2024 10:42:41","3",,
"317","Eleições CAE 2025",,"",,,"0","30/1/2025 08:42:50","30/1/2025 08:42:50","1",,
"318","Contábil > Repasse ao Legislativo > 2025",,"",,,"0","15/5/2025 10:15:44","15/5/2025 10:15:44","2",,
"319","Contábil > Orçamento > LDO > 2025",,"",,,"0","15/5/2025 15:29:01","15/5/2025 15:29:01","2",,
"320","Contábil > Orçamento > LDO > 2025",,"",,,"0","15/5/2025 15:30:05","15/5/2025 15:30:05","2",,
"321","Contábil > Orçamento > LOA > 2025",,"",,,"0","15/5/2025 15:30:40","15/5/2025 15:30:40","2",,
"322","Contábil > Orçamento > PPA > 2025",,"",,,"0","15/5/2025 15:31:24","15/5/2025 15:31:24","2",,
"323","Contábil > Balancetes > Despesas > 2025",,"",,,"0","15/5/2025 15:32:08","15/5/2025 15:32:08","2",,
"324","Contábil > Balancetes > Receitas > 2025",,"",,,"0","15/5/2025 15:32:42","15/5/2025 15:32:42","2",,
"325","Contábil > Balanços > 2025",,"",,,"0","15/5/2025 15:33:28","15/5/2025 15:33:28","2",,
"326","Contábil > Demonstrativos Fiscais : anexos > RREO - Relatórios resumido da execu",,"",,,"0","15/5/2025 15:34:33","15/5/2025 15:34:33","2",,
"327","Contábil > Demonstrativos Fiscais : anexos > RGF - Relatório de gestão fiscal > ",,"",,,"0","15/5/2025 15:35:17","15/5/2025 15:35:17","2",,
"328","Conselhos municipais > Conselhos municipais.3",,"",,,"0","22/7/2025 15:42:39","22/7/2025 15:42:39","1",,
"329","Conselhos municipais > CMAS - Conselho Municipal de Assistência Social",,"",,,"0","22/7/2025 15:43:13","22/7/2025 15:43:13","1",,
"330","PCA",,"",,,"0","20/8/2025 10:24:01","20/8/2025 10:24:01","1",,
